cd tests && go test -run TestRunCompleteExample -count=1 -v -timeout 600m
=== RUN   TestRunCompleteExample
=== PAUSE TestRunCompleteExample
=== CONT  TestRunCompleteExample
[32mINFO[0m: [32m[CloudInfoService][0m logger.go:937 API cache disabled
2026/06/04 21:07:08 Region au-syd VPC count: 5
2026/06/04 21:07:08 --- new best region is au-syd
2026/06/04 21:07:10 Region ca-tor VPC count: 3
2026/06/04 21:07:10 --- new best region is ca-tor
2026/06/04 21:07:12 Region br-sao VPC count: 1
2026/06/04 21:07:12 --- new best region is br-sao
2026/06/04 21:07:15 Region eu-de VPC count: 3
2026/06/04 21:07:18 Region eu-es VPC count: 5
2026/06/04 21:07:20 Region eu-gb VPC count: 3
2026/06/04 21:07:22 Region us-east VPC count: 1
2026/06/04 21:07:25 Region us-south VPC count: 14
2026/06/04 21:07:28 Region jp-osa VPC count: 9
2026/06/04 21:07:28 Region jp-tok VPC count: 0
2026/06/04 21:07:28 --- new best region is jp-tok
2026/06/04 21:07:28 Best region was found!: jp-tok
TestRunCompleteExample 2026-06-04T21:07:28+05:30 tests.go:75: TEMP CREATED:  /var/folders/fy/s8ggjx8s0vqclg_sl31k2_m80000gn/T/terraform-s2s-z7e4282852747
TestRunCompleteExample 2026-06-04T21:07:28+05:30 tests.go:590: START: Init / Apply / Consistency Check
TestRunCompleteExample 2026-06-04T21:07:28+05:30 tests.go:669: START: Init / Apply
TestRunCompleteExample 2026-06-04T21:07:28+05:30 retry.go:91: terraform [init -upgrade=true]
TestRunCompleteExample 2026-06-04T21:07:28+05:30 logger.go:67: Running command terraform with args [init -upgrade=true]
TestRunCompleteExample 2026-06-04T21:07:28+05:30 logger.go:67: [0m[1mInitializing the backend...[0m
TestRunCompleteExample 2026-06-04T21:07:28+05:30 logger.go:67: [0m[1mUpgrading modules...[0m
TestRunCompleteExample 2026-06-04T21:07:29+05:30 logger.go:67: Downloading registry.terraform.io/terraform-ibm-modules/cos/ibm 10.16.0 for cos_instance...
TestRunCompleteExample 2026-06-04T21:07:34+05:30 logger.go:67: - cos_instance in .terraform/modules/cos_instance
TestRunCompleteExample 2026-06-04T21:07:34+05:30 logger.go:67: Downloading registry.terraform.io/terraform-ibm-modules/cbr/ibm 1.36.2 for cos_instance.bucket_cbr_rule...
TestRunCompleteExample 2026-06-04T21:07:39+05:30 logger.go:67: - cos_instance.bucket_cbr_rule in .terraform/modules/cos_instance.bucket_cbr_rule/modules/cbr-rule-module
TestRunCompleteExample 2026-06-04T21:07:39+05:30 logger.go:67: Downloading registry.terraform.io/terraform-ibm-modules/common-utilities/ibm 1.5.0 for cos_instance.cos_crn_parser...
TestRunCompleteExample 2026-06-04T21:07:43+05:30 logger.go:67: - cos_instance.cos_crn_parser in .terraform/modules/cos_instance.cos_crn_parser/modules/crn-parser
TestRunCompleteExample 2026-06-04T21:07:43+05:30 logger.go:67: Downloading registry.terraform.io/terraform-ibm-modules/cbr/ibm 1.36.2 for cos_instance.instance_cbr_rule...
TestRunCompleteExample 2026-06-04T21:07:43+05:30 logger.go:67: - cos_instance.instance_cbr_rule in .terraform/modules/cos_instance.instance_cbr_rule/modules/cbr-rule-module
TestRunCompleteExample 2026-06-04T21:07:43+05:30 logger.go:67: Downloading registry.terraform.io/terraform-ibm-modules/common-utilities/ibm 1.5.0 for cos_instance.kms_crn_parser...
TestRunCompleteExample 2026-06-04T21:07:43+05:30 logger.go:67: - cos_instance.kms_crn_parser in .terraform/modules/cos_instance.kms_crn_parser/modules/crn-parser
TestRunCompleteExample 2026-06-04T21:07:44+05:30 logger.go:67: Downloading registry.terraform.io/terraform-ibm-modules/key-protect/ibm 2.11.2 for key_protect_instance...
TestRunCompleteExample 2026-06-04T21:07:48+05:30 logger.go:67: - key_protect_instance in .terraform/modules/key_protect_instance
TestRunCompleteExample 2026-06-04T21:07:48+05:30 logger.go:67: Downloading registry.terraform.io/terraform-ibm-modules/cbr/ibm 1.36.2 for key_protect_instance.cbr_rule...
TestRunCompleteExample 2026-06-04T21:07:48+05:30 logger.go:67: - key_protect_instance.cbr_rule in .terraform/modules/key_protect_instance.cbr_rule/modules/cbr-rule-module
TestRunCompleteExample 2026-06-04T21:07:49+05:30 logger.go:67: Downloading registry.terraform.io/terraform-ibm-modules/resource-group/ibm 1.6.0 for resource_group...
TestRunCompleteExample 2026-06-04T21:07:54+05:30 logger.go:67: - resource_group in .terraform/modules/resource_group
TestRunCompleteExample 2026-06-04T21:07:54+05:30 logger.go:67: - service_auth_cbr_rules in ../..
TestRunCompleteExample 2026-06-04T21:07:54+05:30 logger.go:67: Downloading registry.terraform.io/terraform-ibm-modules/cbr/ibm 1.36.2 for service_auth_cbr_rules.cbr_rules...
TestRunCompleteExample 2026-06-04T21:07:54+05:30 logger.go:67: - service_auth_cbr_rules.cbr_rules in .terraform/modules/service_auth_cbr_rules.cbr_rules/modules/cbr-service-profile
TestRunCompleteExample 2026-06-04T21:07:54+05:30 logger.go:67: - service_auth_cbr_rules.cbr_rules.cbr_rule in .terraform/modules/service_auth_cbr_rules.cbr_rules/modules/cbr-rule-module
TestRunCompleteExample 2026-06-04T21:07:54+05:30 logger.go:67: - service_auth_cbr_rules.cbr_rules.cbr_zone in .terraform/modules/service_auth_cbr_rules.cbr_rules/modules/cbr-zone-module
TestRunCompleteExample 2026-06-04T21:07:54+05:30 logger.go:67: [0m[1mInitializing provider plugins...[0m
TestRunCompleteExample 2026-06-04T21:07:54+05:30 logger.go:67: - Finding hashicorp/time versions matching ">= 0.9.1, < 1.0.0"...
TestRunCompleteExample 2026-06-04T21:07:54+05:30 logger.go:67: - Finding hashicorp/random versions matching ">= 3.5.1, < 4.0.0"...
TestRunCompleteExample 2026-06-04T21:07:54+05:30 logger.go:67: - Finding ibm-cloud/ibm versions matching ">= 1.79.0, >= 1.80.0, >= 1.88.0, < 3.0.0"...
TestRunCompleteExample 2026-06-04T21:07:54+05:30 logger.go:67: - Installing hashicorp/time v0.14.0...
TestRunCompleteExample 2026-06-04T21:07:57+05:30 logger.go:67: - Installed hashicorp/time v0.14.0 (signed by HashiCorp)
TestRunCompleteExample 2026-06-04T21:07:57+05:30 logger.go:67: - Installing hashicorp/random v3.9.0...
TestRunCompleteExample 2026-06-04T21:07:59+05:30 logger.go:67: - Installed hashicorp/random v3.9.0 (signed by HashiCorp)
TestRunCompleteExample 2026-06-04T21:08:01+05:30 logger.go:67: - Installing ibm-cloud/ibm v2.2.2...
TestRunCompleteExample 2026-06-04T21:08:30+05:30 logger.go:67: - Installed ibm-cloud/ibm v2.2.2 (self-signed, key ID [0m[1mAAD3B791C49CC253[0m[0m)
TestRunCompleteExample 2026-06-04T21:08:30+05:30 logger.go:67: Partner and community providers are signed by their developers.
TestRunCompleteExample 2026-06-04T21:08:30+05:30 logger.go:67: If you'd like to know more about provider signing, you can read about it here:
TestRunCompleteExample 2026-06-04T21:08:30+05:30 logger.go:67: https://www.terraform.io/docs/cli/plugins/signing.html
TestRunCompleteExample 2026-06-04T21:08:30+05:30 logger.go:67: Terraform has created a lock file [1m.terraform.lock.hcl[0m to record the provider
TestRunCompleteExample 2026-06-04T21:08:30+05:30 logger.go:67: selections it made above. Include this file in your version control repository
TestRunCompleteExample 2026-06-04T21:08:30+05:30 logger.go:67: so that Terraform can guarantee to make the same selections by default when
TestRunCompleteExample 2026-06-04T21:08:30+05:30 logger.go:67: you run "terraform init" in the future.[0m
TestRunCompleteExample 2026-06-04T21:08:31+05:30 logger.go:67: 
TestRunCompleteExample 2026-06-04T21:08:31+05:30 logger.go:67: [0m[1m[32mTerraform has been successfully initialized![0m[32m[0m
TestRunCompleteExample 2026-06-04T21:08:31+05:30 logger.go:67: [0m[32m
TestRunCompleteExample 2026-06-04T21:08:31+05:30 logger.go:67: You may now begin working with Terraform. Try running "terraform plan" to see
TestRunCompleteExample 2026-06-04T21:08:31+05:30 logger.go:67: any changes that are required for your infrastructure. All Terraform commands
TestRunCompleteExample 2026-06-04T21:08:31+05:30 logger.go:67: should now work.
TestRunCompleteExample 2026-06-04T21:08:31+05:30 logger.go:67: 
TestRunCompleteExample 2026-06-04T21:08:31+05:30 logger.go:67: If you ever set or change modules or backend configuration for Terraform,
TestRunCompleteExample 2026-06-04T21:08:31+05:30 logger.go:67: rerun this command to reinitialize your working directory. If you forget, other
TestRunCompleteExample 2026-06-04T21:08:31+05:30 logger.go:67: commands will detect it and remind you to do so if necessary.[0m
TestRunCompleteExample 2026-06-04T21:08:31+05:30 retry.go:91: terraform [apply -input=false -auto-approve -var prefix=s2s-z7e -var region=jp-tok -var resource_tags=[] -lock=false]
TestRunCompleteExample 2026-06-04T21:08:31+05:30 logger.go:67: Running command terraform with args [apply -input=false -auto-approve -var prefix=s2s-z7e -var region=jp-tok -var resource_tags=[] -lock=false]
TestRunCompleteExample 2026-06-04T21:08:36+05:30 logger.go:67: [0m[1mmodule.service_auth_cbr_rules.module.cbr_rules[0].data.ibm_iam_account_settings.iam_account_settings: Reading...[0m[0m
TestRunCompleteExample 2026-06-04T21:08:36+05:30 logger.go:67: [0m[1mdata.ibm_iam_account_settings.iam_account_settings: Reading...[0m[0m
TestRunCompleteExample 2026-06-04T21:08:36+05:30 logger.go:67: [0m[1mmodule.service_auth_cbr_rules.module.cbr_rules[0].data.ibm_iam_account_settings.iam_account_settings: Read complete after 1s [id=abac0df06b644a9cabc6e44f55b3880e][0m
TestRunCompleteExample 2026-06-04T21:08:36+05:30 logger.go:67: [0m[1mdata.ibm_iam_account_settings.iam_account_settings: Read complete after 1s [id=abac0df06b644a9cabc6e44f55b3880e][0m
TestRunCompleteExample 2026-06-04T21:08:37+05:30 logger.go:67: 
TestRunCompleteExample 2026-06-04T21:08:37+05:30 logger.go:67: Terraform used the selected providers to generate the following execution
TestRunCompleteExample 2026-06-04T21:08:37+05:30 logger.go:67: plan. Resource actions are indicated with the following symbols:
TestRunCompleteExample 2026-06-04T21:08:37+05:30 logger.go:67:   [32m+[0m create[0m
TestRunCompleteExample 2026-06-04T21:08:37+05:30 logger.go:67:  [36m<=[0m read (data resources)[0m
TestRunCompleteExample 2026-06-04T21:08:37+05:30 logger.go:67: 
TestRunCompleteExample 2026-06-04T21:08:37+05:30 logger.go:67: Terraform will perform the following actions:
TestRunCompleteExample 2026-06-04T21:08:37+05:30 logger.go:67: 
TestRunCompleteExample 2026-06-04T21:08:37+05:30 logger.go:67: [1m  # ibm_is_vpc.vpc_instance[0m will be created
TestRunCompleteExample 2026-06-04T21:08:37+05:30 logger.go:67: [0m  [32m+[0m[0m resource "ibm_is_vpc" "vpc_instance" {
TestRunCompleteExample 2026-06-04T21:08:37+05:30 logger.go:67:       [32m+[0m[0m access_tags                 = (known after apply)
TestRunCompleteExample 2026-06-04T21:08:37+05:30 logger.go:67:       [32m+[0m[0m address_prefix_management   = "auto"
TestRunCompleteExample 2026-06-04T21:08:37+05:30 logger.go:67:       [32m+[0m[0m classic_access              = false
TestRunCompleteExample 2026-06-04T21:08:37+05:30 logger.go:67:       [32m+[0m[0m crn                         = (known after apply)
TestRunCompleteExample 2026-06-04T21:08:37+05:30 logger.go:67:       [32m+[0m[0m cse_source_addresses        = (known after apply)
TestRunCompleteExample 2026-06-04T21:08:37+05:30 logger.go:67:       [32m+[0m[0m default_address_prefixes    = (known after apply)
TestRunCompleteExample 2026-06-04T21:08:37+05:30 logger.go:67:       [32m+[0m[0m default_network_acl         = (known after apply)
TestRunCompleteExample 2026-06-04T21:08:37+05:30 logger.go:67:       [32m+[0m[0m default_network_acl_crn     = (known after apply)
TestRunCompleteExample 2026-06-04T21:08:37+05:30 logger.go:67:       [32m+[0m[0m default_network_acl_name    = (known after apply)
TestRunCompleteExample 2026-06-04T21:08:37+05:30 logger.go:67:       [32m+[0m[0m default_routing_table       = (known after apply)
TestRunCompleteExample 2026-06-04T21:08:37+05:30 logger.go:67:       [32m+[0m[0m default_routing_table_crn   = (known after apply)
TestRunCompleteExample 2026-06-04T21:08:37+05:30 logger.go:67:       [32m+[0m[0m default_routing_table_name  = (known after apply)
TestRunCompleteExample 2026-06-04T21:08:37+05:30 logger.go:67:       [32m+[0m[0m default_security_group      = (known after apply)
TestRunCompleteExample 2026-06-04T21:08:37+05:30 logger.go:67:       [32m+[0m[0m default_security_group_crn  = (known after apply)
TestRunCompleteExample 2026-06-04T21:08:37+05:30 logger.go:67:       [32m+[0m[0m default_security_group_name = (known after apply)
TestRunCompleteExample 2026-06-04T21:08:37+05:30 logger.go:67:       [32m+[0m[0m health_reasons              = (known after apply)
TestRunCompleteExample 2026-06-04T21:08:37+05:30 logger.go:67:       [32m+[0m[0m health_state                = (known after apply)
TestRunCompleteExample 2026-06-04T21:08:37+05:30 logger.go:67:       [32m+[0m[0m id                          = (known after apply)
TestRunCompleteExample 2026-06-04T21:08:37+05:30 logger.go:67:       [32m+[0m[0m name                        = "s2s-z7e-vpc"
TestRunCompleteExample 2026-06-04T21:08:37+05:30 logger.go:67:       [32m+[0m[0m no_sg_acl_rules             = false
TestRunCompleteExample 2026-06-04T21:08:37+05:30 logger.go:67:       [32m+[0m[0m public_address_ranges       = (known after apply)
TestRunCompleteExample 2026-06-04T21:08:37+05:30 logger.go:67:       [32m+[0m[0m resource_controller_url     = (known after apply)
TestRunCompleteExample 2026-06-04T21:08:37+05:30 logger.go:67:       [32m+[0m[0m resource_crn                = (known after apply)
TestRunCompleteExample 2026-06-04T21:08:37+05:30 logger.go:67:       [32m+[0m[0m resource_group              = (known after apply)
TestRunCompleteExample 2026-06-04T21:08:37+05:30 logger.go:67:       [32m+[0m[0m resource_group_name         = (known after apply)
TestRunCompleteExample 2026-06-04T21:08:37+05:30 logger.go:67:       [32m+[0m[0m resource_name               = (known after apply)
TestRunCompleteExample 2026-06-04T21:08:37+05:30 logger.go:67:       [32m+[0m[0m resource_status             = (known after apply)
TestRunCompleteExample 2026-06-04T21:08:37+05:30 logger.go:67:       [32m+[0m[0m security_group              = (known after apply)
TestRunCompleteExample 2026-06-04T21:08:37+05:30 logger.go:67:       [32m+[0m[0m status                      = (known after apply)
TestRunCompleteExample 2026-06-04T21:08:37+05:30 logger.go:67:       [32m+[0m[0m subnets                     = (known after apply)
TestRunCompleteExample 2026-06-04T21:08:37+05:30 logger.go:67:       [32m+[0m[0m tags                        = (known after apply)
TestRunCompleteExample 2026-06-04T21:08:37+05:30 logger.go:67: 
TestRunCompleteExample 2026-06-04T21:08:37+05:30 logger.go:67:       [32m+[0m[0m dns (known after apply)
TestRunCompleteExample 2026-06-04T21:08:37+05:30 logger.go:67:     }
TestRunCompleteExample 2026-06-04T21:08:37+05:30 logger.go:67: 
TestRunCompleteExample 2026-06-04T21:08:37+05:30 logger.go:67: [1m  # module.cos_instance.data.ibm_resource_instance.cos_instance[0m will be read during apply
TestRunCompleteExample 2026-06-04T21:08:37+05:30 logger.go:67:   # (config refers to values not yet known)
TestRunCompleteExample 2026-06-04T21:08:37+05:30 logger.go:67: [0m [36m<=[0m[0m data "ibm_resource_instance" "cos_instance" {
TestRunCompleteExample 2026-06-04T21:08:37+05:30 logger.go:67:       [32m+[0m[0m crn                     = (known after apply)
TestRunCompleteExample 2026-06-04T21:08:37+05:30 logger.go:67:       [32m+[0m[0m extensions              = (known after apply)
TestRunCompleteExample 2026-06-04T21:08:37+05:30 logger.go:67:       [32m+[0m[0m guid                    = (known after apply)
TestRunCompleteExample 2026-06-04T21:08:37+05:30 logger.go:67:       [32m+[0m[0m id                      = (known after apply)
TestRunCompleteExample 2026-06-04T21:08:37+05:30 logger.go:67:       [32m+[0m[0m identifier              = (known after apply)
TestRunCompleteExample 2026-06-04T21:08:37+05:30 logger.go:67:       [32m+[0m[0m location                = (known after apply)
TestRunCompleteExample 2026-06-04T21:08:37+05:30 logger.go:67:       [32m+[0m[0m name                    = (known after apply)
TestRunCompleteExample 2026-06-04T21:08:37+05:30 logger.go:67:       [32m+[0m[0m onetime_credentials     = (known after apply)
TestRunCompleteExample 2026-06-04T21:08:37+05:30 logger.go:67:       [32m+[0m[0m parameters_json         = (known after apply)
TestRunCompleteExample 2026-06-04T21:08:37+05:30 logger.go:67:       [32m+[0m[0m plan                    = (known after apply)
TestRunCompleteExample 2026-06-04T21:08:37+05:30 logger.go:67:       [32m+[0m[0m resource_controller_url = (known after apply)
TestRunCompleteExample 2026-06-04T21:08:37+05:30 logger.go:67:       [32m+[0m[0m resource_crn            = (known after apply)
TestRunCompleteExample 2026-06-04T21:08:37+05:30 logger.go:67:       [32m+[0m[0m resource_group_id       = (known after apply)
TestRunCompleteExample 2026-06-04T21:08:37+05:30 logger.go:67:       [32m+[0m[0m resource_group_name     = (known after apply)
TestRunCompleteExample 2026-06-04T21:08:37+05:30 logger.go:67:       [32m+[0m[0m resource_name           = (known after apply)
TestRunCompleteExample 2026-06-04T21:08:37+05:30 logger.go:67:       [32m+[0m[0m resource_status         = (known after apply)
TestRunCompleteExample 2026-06-04T21:08:37+05:30 logger.go:67:       [32m+[0m[0m service                 = (known after apply)
TestRunCompleteExample 2026-06-04T21:08:37+05:30 logger.go:67:       [32m+[0m[0m status                  = (known after apply)
TestRunCompleteExample 2026-06-04T21:08:37+05:30 logger.go:67:       [32m+[0m[0m tags                    = (known after apply)
TestRunCompleteExample 2026-06-04T21:08:37+05:30 logger.go:67:     }
TestRunCompleteExample 2026-06-04T21:08:37+05:30 logger.go:67: 
TestRunCompleteExample 2026-06-04T21:08:37+05:30 logger.go:67: [1m  # module.cos_instance.ibm_cos_bucket.cos_bucket[0][0m will be created
TestRunCompleteExample 2026-06-04T21:08:37+05:30 logger.go:67: [0m  [32m+[0m[0m resource "ibm_cos_bucket" "cos_bucket" {
TestRunCompleteExample 2026-06-04T21:08:37+05:30 logger.go:67:       [32m+[0m[0m bucket_name          = (known after apply)
TestRunCompleteExample 2026-06-04T21:08:37+05:30 logger.go:67:       [32m+[0m[0m crn                  = (known after apply)
TestRunCompleteExample 2026-06-04T21:08:37+05:30 logger.go:67:       [32m+[0m[0m endpoint_type        = "public"
TestRunCompleteExample 2026-06-04T21:08:37+05:30 logger.go:67:       [32m+[0m[0m force_delete         = true
TestRunCompleteExample 2026-06-04T21:08:37+05:30 logger.go:67:       [32m+[0m[0m id                   = (known after apply)
TestRunCompleteExample 2026-06-04T21:08:37+05:30 logger.go:67:       [32m+[0m[0m object_lock          = (known after apply)
TestRunCompleteExample 2026-06-04T21:08:37+05:30 logger.go:67:       [32m+[0m[0m region_location      = "us-south"
TestRunCompleteExample 2026-06-04T21:08:37+05:30 logger.go:67:       [32m+[0m[0m resource_instance_id = (known after apply)
TestRunCompleteExample 2026-06-04T21:08:37+05:30 logger.go:67:       [32m+[0m[0m s3_endpoint_direct   = (known after apply)
TestRunCompleteExample 2026-06-04T21:08:37+05:30 logger.go:67:       [32m+[0m[0m s3_endpoint_private  = (known after apply)
TestRunCompleteExample 2026-06-04T21:08:37+05:30 logger.go:67:       [32m+[0m[0m s3_endpoint_public   = (known after apply)
TestRunCompleteExample 2026-06-04T21:08:37+05:30 logger.go:67:       [32m+[0m[0m storage_class        = "standard"
TestRunCompleteExample 2026-06-04T21:08:37+05:30 logger.go:67: 
TestRunCompleteExample 2026-06-04T21:08:37+05:30 logger.go:67:       [32m+[0m[0m activity_tracking {
TestRunCompleteExample 2026-06-04T21:08:37+05:30 logger.go:67:           [32m+[0m[0m management_events = true
TestRunCompleteExample 2026-06-04T21:08:37+05:30 logger.go:67:           [32m+[0m[0m read_data_events  = true
TestRunCompleteExample 2026-06-04T21:08:37+05:30 logger.go:67:           [32m+[0m[0m write_data_events = true
TestRunCompleteExample 2026-06-04T21:08:37+05:30 logger.go:67:         }
TestRunCompleteExample 2026-06-04T21:08:37+05:30 logger.go:67: 
TestRunCompleteExample 2026-06-04T21:08:37+05:30 logger.go:67:       [32m+[0m[0m metrics_monitoring {
TestRunCompleteExample 2026-06-04T21:08:37+05:30 logger.go:67:           [32m+[0m[0m request_metrics_enabled = true
TestRunCompleteExample 2026-06-04T21:08:37+05:30 logger.go:67:           [32m+[0m[0m usage_metrics_enabled   = true
TestRunCompleteExample 2026-06-04T21:08:37+05:30 logger.go:67:         }
TestRunCompleteExample 2026-06-04T21:08:37+05:30 logger.go:67:     }
TestRunCompleteExample 2026-06-04T21:08:37+05:30 logger.go:67: 
TestRunCompleteExample 2026-06-04T21:08:37+05:30 logger.go:67: [1m  # module.cos_instance.ibm_resource_instance.cos_instance[0][0m will be created
TestRunCompleteExample 2026-06-04T21:08:37+05:30 logger.go:67: [0m  [32m+[0m[0m resource "ibm_resource_instance" "cos_instance" {
TestRunCompleteExample 2026-06-04T21:08:37+05:30 logger.go:67:       [32m+[0m[0m account_id              = (known after apply)
TestRunCompleteExample 2026-06-04T21:08:37+05:30 logger.go:67:       [32m+[0m[0m allow_cleanup           = (known after apply)
TestRunCompleteExample 2026-06-04T21:08:37+05:30 logger.go:67:       [32m+[0m[0m created_at              = (known after apply)
TestRunCompleteExample 2026-06-04T21:08:37+05:30 logger.go:67:       [32m+[0m[0m created_by              = (known after apply)
TestRunCompleteExample 2026-06-04T21:08:37+05:30 logger.go:67:       [32m+[0m[0m crn                     = (known after apply)
TestRunCompleteExample 2026-06-04T21:08:37+05:30 logger.go:67:       [32m+[0m[0m dashboard_url           = (known after apply)
TestRunCompleteExample 2026-06-04T21:08:37+05:30 logger.go:67:       [32m+[0m[0m deleted_at              = (known after apply)
TestRunCompleteExample 2026-06-04T21:08:37+05:30 logger.go:67:       [32m+[0m[0m deleted_by              = (known after apply)
TestRunCompleteExample 2026-06-04T21:08:37+05:30 logger.go:67:       [32m+[0m[0m extensions              = (known after apply)
TestRunCompleteExample 2026-06-04T21:08:37+05:30 logger.go:67:       [32m+[0m[0m guid                    = (known after apply)
TestRunCompleteExample 2026-06-04T21:08:37+05:30 logger.go:67:       [32m+[0m[0m id                      = (known after apply)
TestRunCompleteExample 2026-06-04T21:08:37+05:30 logger.go:67:       [32m+[0m[0m last_operation          = (known after apply)
TestRunCompleteExample 2026-06-04T21:08:37+05:30 logger.go:67:       [32m+[0m[0m location                = "global"
TestRunCompleteExample 2026-06-04T21:08:37+05:30 logger.go:67:       [32m+[0m[0m locked                  = (known after apply)
TestRunCompleteExample 2026-06-04T21:08:37+05:30 logger.go:67:       [32m+[0m[0m name                    = "s2s-z7e-cos"
TestRunCompleteExample 2026-06-04T21:08:37+05:30 logger.go:67:       [32m+[0m[0m onetime_credentials     = (known after apply)
TestRunCompleteExample 2026-06-04T21:08:37+05:30 logger.go:67:       [32m+[0m[0m plan                    = "standard"
TestRunCompleteExample 2026-06-04T21:08:37+05:30 logger.go:67:       [32m+[0m[0m plan_history            = (known after apply)
TestRunCompleteExample 2026-06-04T21:08:37+05:30 logger.go:67:       [32m+[0m[0m resource_aliases_url    = (known after apply)
TestRunCompleteExample 2026-06-04T21:08:37+05:30 logger.go:67:       [32m+[0m[0m resource_bindings_url   = (known after apply)
TestRunCompleteExample 2026-06-04T21:08:37+05:30 logger.go:67:       [32m+[0m[0m resource_controller_url = (known after apply)
TestRunCompleteExample 2026-06-04T21:08:37+05:30 logger.go:67:       [32m+[0m[0m resource_crn            = (known after apply)
TestRunCompleteExample 2026-06-04T21:08:37+05:30 logger.go:67:       [32m+[0m[0m resource_group_crn      = (known after apply)
TestRunCompleteExample 2026-06-04T21:08:37+05:30 logger.go:67:       [32m+[0m[0m resource_group_id       = (known after apply)
TestRunCompleteExample 2026-06-04T21:08:37+05:30 logger.go:67:       [32m+[0m[0m resource_group_name     = (known after apply)
TestRunCompleteExample 2026-06-04T21:08:37+05:30 logger.go:67:       [32m+[0m[0m resource_id             = (known after apply)
TestRunCompleteExample 2026-06-04T21:08:37+05:30 logger.go:67:       [32m+[0m[0m resource_keys_url       = (known after apply)
TestRunCompleteExample 2026-06-04T21:08:37+05:30 logger.go:67:       [32m+[0m[0m resource_name           = (known after apply)
TestRunCompleteExample 2026-06-04T21:08:37+05:30 logger.go:67:       [32m+[0m[0m resource_plan_id        = (known after apply)
TestRunCompleteExample 2026-06-04T21:08:37+05:30 logger.go:67:       [32m+[0m[0m resource_status         = (known after apply)
TestRunCompleteExample 2026-06-04T21:08:37+05:30 logger.go:67:       [32m+[0m[0m restored_at             = (known after apply)
TestRunCompleteExample 2026-06-04T21:08:37+05:30 logger.go:67:       [32m+[0m[0m restored_by             = (known after apply)
TestRunCompleteExample 2026-06-04T21:08:37+05:30 logger.go:67:       [32m+[0m[0m scheduled_reclaim_at    = (known after apply)
TestRunCompleteExample 2026-06-04T21:08:37+05:30 logger.go:67:       [32m+[0m[0m scheduled_reclaim_by    = (known after apply)
TestRunCompleteExample 2026-06-04T21:08:37+05:30 logger.go:67:       [32m+[0m[0m service                 = "cloud-object-storage"
TestRunCompleteExample 2026-06-04T21:08:37+05:30 logger.go:67:       [32m+[0m[0m service_endpoints       = (known after apply)
TestRunCompleteExample 2026-06-04T21:08:37+05:30 logger.go:67:       [32m+[0m[0m state                   = (known after apply)
TestRunCompleteExample 2026-06-04T21:08:37+05:30 logger.go:67:       [32m+[0m[0m status                  = (known after apply)
TestRunCompleteExample 2026-06-04T21:08:37+05:30 logger.go:67:       [32m+[0m[0m sub_type                = (known after apply)
TestRunCompleteExample 2026-06-04T21:08:37+05:30 logger.go:67:       [32m+[0m[0m tags                    = (known after apply)
TestRunCompleteExample 2026-06-04T21:08:37+05:30 logger.go:67:       [32m+[0m[0m target_crn              = (known after apply)
TestRunCompleteExample 2026-06-04T21:08:37+05:30 logger.go:67:       [32m+[0m[0m type                    = (known after apply)
TestRunCompleteExample 2026-06-04T21:08:37+05:30 logger.go:67:       [32m+[0m[0m update_at               = (known after apply)
TestRunCompleteExample 2026-06-04T21:08:37+05:30 logger.go:67:       [32m+[0m[0m update_by               = (known after apply)
TestRunCompleteExample 2026-06-04T21:08:37+05:30 logger.go:67:     }
TestRunCompleteExample 2026-06-04T21:08:37+05:30 logger.go:67: 
TestRunCompleteExample 2026-06-04T21:08:37+05:30 logger.go:67: [1m  # module.cos_instance.random_string.bucket_name_suffix[0][0m will be created
TestRunCompleteExample 2026-06-04T21:08:37+05:30 logger.go:67: [0m  [32m+[0m[0m resource "random_string" "bucket_name_suffix" {
TestRunCompleteExample 2026-06-04T21:08:37+05:30 logger.go:67:       [32m+[0m[0m id          = (known after apply)
TestRunCompleteExample 2026-06-04T21:08:37+05:30 logger.go:67:       [32m+[0m[0m length      = 4
TestRunCompleteExample 2026-06-04T21:08:37+05:30 logger.go:67:       [32m+[0m[0m lower       = true
TestRunCompleteExample 2026-06-04T21:08:37+05:30 logger.go:67:       [32m+[0m[0m min_lower   = 0
TestRunCompleteExample 2026-06-04T21:08:37+05:30 logger.go:67:       [32m+[0m[0m min_numeric = 0
TestRunCompleteExample 2026-06-04T21:08:37+05:30 logger.go:67:       [32m+[0m[0m min_special = 0
TestRunCompleteExample 2026-06-04T21:08:37+05:30 logger.go:67:       [32m+[0m[0m min_upper   = 0
TestRunCompleteExample 2026-06-04T21:08:37+05:30 logger.go:67:       [32m+[0m[0m number      = true
TestRunCompleteExample 2026-06-04T21:08:37+05:30 logger.go:67:       [32m+[0m[0m numeric     = true
TestRunCompleteExample 2026-06-04T21:08:37+05:30 logger.go:67:       [32m+[0m[0m result      = (known after apply)
TestRunCompleteExample 2026-06-04T21:08:37+05:30 logger.go:67:       [32m+[0m[0m special     = false
TestRunCompleteExample 2026-06-04T21:08:37+05:30 logger.go:67:       [32m+[0m[0m upper       = false
TestRunCompleteExample 2026-06-04T21:08:37+05:30 logger.go:67:     }
TestRunCompleteExample 2026-06-04T21:08:37+05:30 logger.go:67: 
TestRunCompleteExample 2026-06-04T21:08:37+05:30 logger.go:67: [1m  # module.key_protect_instance.ibm_kms_instance_policies.key_protect_instance_policies[0m will be created
TestRunCompleteExample 2026-06-04T21:08:37+05:30 logger.go:67: [0m  [32m+[0m[0m resource "ibm_kms_instance_policies" "key_protect_instance_policies" {
TestRunCompleteExample 2026-06-04T21:08:37+05:30 logger.go:67:       [32m+[0m[0m endpoint_type = "public"
TestRunCompleteExample 2026-06-04T21:08:37+05:30 logger.go:67:       [32m+[0m[0m id            = (known after apply)
TestRunCompleteExample 2026-06-04T21:08:37+05:30 logger.go:67:       [32m+[0m[0m instance_id   = (known after apply)
TestRunCompleteExample 2026-06-04T21:08:37+05:30 logger.go:67: 
TestRunCompleteExample 2026-06-04T21:08:37+05:30 logger.go:67:       [32m+[0m[0m dual_auth_delete {
TestRunCompleteExample 2026-06-04T21:08:37+05:30 logger.go:67:           [32m+[0m[0m created_by    = (known after apply)
TestRunCompleteExample 2026-06-04T21:08:37+05:30 logger.go:67:           [32m+[0m[0m creation_date = (known after apply)
TestRunCompleteExample 2026-06-04T21:08:37+05:30 logger.go:67:           [32m+[0m[0m enabled       = false
TestRunCompleteExample 2026-06-04T21:08:37+05:30 logger.go:67:           [32m+[0m[0m last_updated  = (known after apply)
TestRunCompleteExample 2026-06-04T21:08:37+05:30 logger.go:67:           [32m+[0m[0m updated_by    = (known after apply)
TestRunCompleteExample 2026-06-04T21:08:37+05:30 logger.go:67:         }
TestRunCompleteExample 2026-06-04T21:08:37+05:30 logger.go:67: 
TestRunCompleteExample 2026-06-04T21:08:37+05:30 logger.go:67:       [32m+[0m[0m key_create_import_access {
TestRunCompleteExample 2026-06-04T21:08:37+05:30 logger.go:67:           [32m+[0m[0m create_root_key     = true
TestRunCompleteExample 2026-06-04T21:08:37+05:30 logger.go:67:           [32m+[0m[0m create_standard_key = true
TestRunCompleteExample 2026-06-04T21:08:37+05:30 logger.go:67:           [32m+[0m[0m created_by          = (known after apply)
TestRunCompleteExample 2026-06-04T21:08:37+05:30 logger.go:67:           [32m+[0m[0m creation_date       = (known after apply)
TestRunCompleteExample 2026-06-04T21:08:37+05:30 logger.go:67:           [32m+[0m[0m enabled             = true
TestRunCompleteExample 2026-06-04T21:08:37+05:30 logger.go:67:           [32m+[0m[0m enforce_token       = false
TestRunCompleteExample 2026-06-04T21:08:37+05:30 logger.go:67:           [32m+[0m[0m import_root_key     = true
TestRunCompleteExample 2026-06-04T21:08:37+05:30 logger.go:67:           [32m+[0m[0m import_standard_key = true
TestRunCompleteExample 2026-06-04T21:08:37+05:30 logger.go:67:           [32m+[0m[0m last_updated        = (known after apply)
TestRunCompleteExample 2026-06-04T21:08:37+05:30 logger.go:67:           [32m+[0m[0m updated_by          = (known after apply)
TestRunCompleteExample 2026-06-04T21:08:37+05:30 logger.go:67:         }
TestRunCompleteExample 2026-06-04T21:08:37+05:30 logger.go:67: 
TestRunCompleteExample 2026-06-04T21:08:37+05:30 logger.go:67:       [32m+[0m[0m metrics {
TestRunCompleteExample 2026-06-04T21:08:37+05:30 logger.go:67:           [32m+[0m[0m created_by    = (known after apply)
TestRunCompleteExample 2026-06-04T21:08:37+05:30 logger.go:67:           [32m+[0m[0m creation_date = (known after apply)
TestRunCompleteExample 2026-06-04T21:08:37+05:30 logger.go:67:           [32m+[0m[0m enabled       = true
TestRunCompleteExample 2026-06-04T21:08:37+05:30 logger.go:67:           [32m+[0m[0m last_updated  = (known after apply)
TestRunCompleteExample 2026-06-04T21:08:37+05:30 logger.go:67:           [32m+[0m[0m updated_by    = (known after apply)
TestRunCompleteExample 2026-06-04T21:08:37+05:30 logger.go:67:         }
TestRunCompleteExample 2026-06-04T21:08:37+05:30 logger.go:67: 
TestRunCompleteExample 2026-06-04T21:08:37+05:30 logger.go:67:       [32m+[0m[0m rotation {
TestRunCompleteExample 2026-06-04T21:08:37+05:30 logger.go:67:           [32m+[0m[0m created_by     = (known after apply)
TestRunCompleteExample 2026-06-04T21:08:37+05:30 logger.go:67:           [32m+[0m[0m creation_date  = (known after apply)
TestRunCompleteExample 2026-06-04T21:08:37+05:30 logger.go:67:           [32m+[0m[0m enabled        = true
TestRunCompleteExample 2026-06-04T21:08:37+05:30 logger.go:67:           [32m+[0m[0m interval_month = 1
TestRunCompleteExample 2026-06-04T21:08:37+05:30 logger.go:67:           [32m+[0m[0m last_updated   = (known after apply)
TestRunCompleteExample 2026-06-04T21:08:37+05:30 logger.go:67:           [32m+[0m[0m updated_by     = (known after apply)
TestRunCompleteExample 2026-06-04T21:08:37+05:30 logger.go:67:         }
TestRunCompleteExample 2026-06-04T21:08:37+05:30 logger.go:67:     }
TestRunCompleteExample 2026-06-04T21:08:37+05:30 logger.go:67: 
TestRunCompleteExample 2026-06-04T21:08:37+05:30 logger.go:67: [1m  # module.key_protect_instance.ibm_resource_instance.key_protect_instance[0m will be created
TestRunCompleteExample 2026-06-04T21:08:37+05:30 logger.go:67: [0m  [32m+[0m[0m resource "ibm_resource_instance" "key_protect_instance" {
TestRunCompleteExample 2026-06-04T21:08:37+05:30 logger.go:67:       [32m+[0m[0m account_id              = (known after apply)
TestRunCompleteExample 2026-06-04T21:08:37+05:30 logger.go:67:       [32m+[0m[0m allow_cleanup           = (known after apply)
TestRunCompleteExample 2026-06-04T21:08:37+05:30 logger.go:67:       [32m+[0m[0m created_at              = (known after apply)
TestRunCompleteExample 2026-06-04T21:08:37+05:30 logger.go:67:       [32m+[0m[0m created_by              = (known after apply)
TestRunCompleteExample 2026-06-04T21:08:37+05:30 logger.go:67:       [32m+[0m[0m crn                     = (known after apply)
TestRunCompleteExample 2026-06-04T21:08:37+05:30 logger.go:67:       [32m+[0m[0m dashboard_url           = (known after apply)
TestRunCompleteExample 2026-06-04T21:08:37+05:30 logger.go:67:       [32m+[0m[0m deleted_at              = (known after apply)
TestRunCompleteExample 2026-06-04T21:08:37+05:30 logger.go:67:       [32m+[0m[0m deleted_by              = (known after apply)
TestRunCompleteExample 2026-06-04T21:08:37+05:30 logger.go:67:       [32m+[0m[0m extensions              = (known after apply)
TestRunCompleteExample 2026-06-04T21:08:37+05:30 logger.go:67:       [32m+[0m[0m guid                    = (known after apply)
TestRunCompleteExample 2026-06-04T21:08:37+05:30 logger.go:67:       [32m+[0m[0m id                      = (known after apply)
TestRunCompleteExample 2026-06-04T21:08:37+05:30 logger.go:67:       [32m+[0m[0m last_operation          = (known after apply)
TestRunCompleteExample 2026-06-04T21:08:37+05:30 logger.go:67:       [32m+[0m[0m location                = "jp-tok"
TestRunCompleteExample 2026-06-04T21:08:37+05:30 logger.go:67:       [32m+[0m[0m locked                  = (known after apply)
TestRunCompleteExample 2026-06-04T21:08:37+05:30 logger.go:67:       [32m+[0m[0m name                    = "s2s-z7e-key-protect"
TestRunCompleteExample 2026-06-04T21:08:37+05:30 logger.go:67:       [32m+[0m[0m onetime_credentials     = (known after apply)
TestRunCompleteExample 2026-06-04T21:08:37+05:30 logger.go:67:       [32m+[0m[0m parameters              = {
TestRunCompleteExample 2026-06-04T21:08:37+05:30 logger.go:67:           [32m+[0m[0m "allowed_network" = "public-and-private"
TestRunCompleteExample 2026-06-04T21:08:37+05:30 logger.go:67:         }
TestRunCompleteExample 2026-06-04T21:08:37+05:30 logger.go:67:       [32m+[0m[0m plan                    = "tiered-pricing"
TestRunCompleteExample 2026-06-04T21:08:37+05:30 logger.go:67:       [32m+[0m[0m plan_history            = (known after apply)
TestRunCompleteExample 2026-06-04T21:08:37+05:30 logger.go:67:       [32m+[0m[0m resource_aliases_url    = (known after apply)
TestRunCompleteExample 2026-06-04T21:08:37+05:30 logger.go:67:       [32m+[0m[0m resource_bindings_url   = (known after apply)
TestRunCompleteExample 2026-06-04T21:08:37+05:30 logger.go:67:       [32m+[0m[0m resource_controller_url = (known after apply)
TestRunCompleteExample 2026-06-04T21:08:37+05:30 logger.go:67:       [32m+[0m[0m resource_crn            = (known after apply)
TestRunCompleteExample 2026-06-04T21:08:37+05:30 logger.go:67:       [32m+[0m[0m resource_group_crn      = (known after apply)
TestRunCompleteExample 2026-06-04T21:08:37+05:30 logger.go:67:       [32m+[0m[0m resource_group_id       = (known after apply)
TestRunCompleteExample 2026-06-04T21:08:37+05:30 logger.go:67:       [32m+[0m[0m resource_group_name     = (known after apply)
TestRunCompleteExample 2026-06-04T21:08:37+05:30 logger.go:67:       [32m+[0m[0m resource_id             = (known after apply)
TestRunCompleteExample 2026-06-04T21:08:37+05:30 logger.go:67:       [32m+[0m[0m resource_keys_url       = (known after apply)
TestRunCompleteExample 2026-06-04T21:08:37+05:30 logger.go:67:       [32m+[0m[0m resource_name           = (known after apply)
TestRunCompleteExample 2026-06-04T21:08:37+05:30 logger.go:67:       [32m+[0m[0m resource_plan_id        = (known after apply)
TestRunCompleteExample 2026-06-04T21:08:37+05:30 logger.go:67:       [32m+[0m[0m resource_status         = (known after apply)
TestRunCompleteExample 2026-06-04T21:08:37+05:30 logger.go:67:       [32m+[0m[0m restored_at             = (known after apply)
TestRunCompleteExample 2026-06-04T21:08:37+05:30 logger.go:67:       [32m+[0m[0m restored_by             = (known after apply)
TestRunCompleteExample 2026-06-04T21:08:37+05:30 logger.go:67:       [32m+[0m[0m scheduled_reclaim_at    = (known after apply)
TestRunCompleteExample 2026-06-04T21:08:37+05:30 logger.go:67:       [32m+[0m[0m scheduled_reclaim_by    = (known after apply)
TestRunCompleteExample 2026-06-04T21:08:37+05:30 logger.go:67:       [32m+[0m[0m service                 = "kms"
TestRunCompleteExample 2026-06-04T21:08:37+05:30 logger.go:67:       [32m+[0m[0m service_endpoints       = (known after apply)
TestRunCompleteExample 2026-06-04T21:08:37+05:30 logger.go:67:       [32m+[0m[0m state                   = (known after apply)
TestRunCompleteExample 2026-06-04T21:08:37+05:30 logger.go:67:       [32m+[0m[0m status                  = (known after apply)
TestRunCompleteExample 2026-06-04T21:08:37+05:30 logger.go:67:       [32m+[0m[0m sub_type                = (known after apply)
TestRunCompleteExample 2026-06-04T21:08:37+05:30 logger.go:67:       [32m+[0m[0m tags                    = (known after apply)
TestRunCompleteExample 2026-06-04T21:08:37+05:30 logger.go:67:       [32m+[0m[0m target_crn              = (known after apply)
TestRunCompleteExample 2026-06-04T21:08:37+05:30 logger.go:67:       [32m+[0m[0m type                    = (known after apply)
TestRunCompleteExample 2026-06-04T21:08:37+05:30 logger.go:67:       [32m+[0m[0m update_at               = (known after apply)
TestRunCompleteExample 2026-06-04T21:08:37+05:30 logger.go:67:       [32m+[0m[0m update_by               = (known after apply)
TestRunCompleteExample 2026-06-04T21:08:37+05:30 logger.go:67:     }
TestRunCompleteExample 2026-06-04T21:08:37+05:30 logger.go:67: 
TestRunCompleteExample 2026-06-04T21:08:37+05:30 logger.go:67: [1m  # module.resource_group.ibm_resource_group.resource_group[0][0m will be created
TestRunCompleteExample 2026-06-04T21:08:37+05:30 logger.go:67: [0m  [32m+[0m[0m resource "ibm_resource_group" "resource_group" {
TestRunCompleteExample 2026-06-04T21:08:37+05:30 logger.go:67:       [32m+[0m[0m created_at          = (known after apply)
TestRunCompleteExample 2026-06-04T21:08:37+05:30 logger.go:67:       [32m+[0m[0m crn                 = (known after apply)
TestRunCompleteExample 2026-06-04T21:08:37+05:30 logger.go:67:       [32m+[0m[0m default             = (known after apply)
TestRunCompleteExample 2026-06-04T21:08:37+05:30 logger.go:67:       [32m+[0m[0m id                  = (known after apply)
TestRunCompleteExample 2026-06-04T21:08:37+05:30 logger.go:67:       [32m+[0m[0m name                = "s2s-z7e-resource-group"
TestRunCompleteExample 2026-06-04T21:08:37+05:30 logger.go:67:       [32m+[0m[0m payment_methods_url = (known after apply)
TestRunCompleteExample 2026-06-04T21:08:37+05:30 logger.go:67:       [32m+[0m[0m quota_id            = (known after apply)
TestRunCompleteExample 2026-06-04T21:08:37+05:30 logger.go:67:       [32m+[0m[0m quota_url           = (known after apply)
TestRunCompleteExample 2026-06-04T21:08:37+05:30 logger.go:67:       [32m+[0m[0m resource_linkages   = (known after apply)
TestRunCompleteExample 2026-06-04T21:08:37+05:30 logger.go:67:       [32m+[0m[0m state               = (known after apply)
TestRunCompleteExample 2026-06-04T21:08:37+05:30 logger.go:67:       [32m+[0m[0m teams_url           = (known after apply)
TestRunCompleteExample 2026-06-04T21:08:37+05:30 logger.go:67:       [32m+[0m[0m updated_at          = (known after apply)
TestRunCompleteExample 2026-06-04T21:08:37+05:30 logger.go:67:     }
TestRunCompleteExample 2026-06-04T21:08:37+05:30 logger.go:67: 
TestRunCompleteExample 2026-06-04T21:08:37+05:30 logger.go:67: [1m  # module.service_auth_cbr_rules.ibm_iam_authorization_policy.auth_policies["scenario-both-attrs"][0m will be created
TestRunCompleteExample 2026-06-04T21:08:37+05:30 logger.go:67: [0m  [32m+[0m[0m resource "ibm_iam_authorization_policy" "auth_policies" {
TestRunCompleteExample 2026-06-04T21:08:37+05:30 logger.go:67:       [32m+[0m[0m description                 = "Scenario: Both dynamic attributes - COS account to KMS keys"
TestRunCompleteExample 2026-06-04T21:08:37+05:30 logger.go:67:       [32m+[0m[0m id                          = (known after apply)
TestRunCompleteExample 2026-06-04T21:08:37+05:30 logger.go:67:       [32m+[0m[0m roles                       = [
TestRunCompleteExample 2026-06-04T21:08:37+05:30 logger.go:67:           [32m+[0m[0m "Reader",
TestRunCompleteExample 2026-06-04T21:08:37+05:30 logger.go:67:         ]
TestRunCompleteExample 2026-06-04T21:08:37+05:30 logger.go:67:       [32m+[0m[0m source_resource_group_id    = (known after apply)
TestRunCompleteExample 2026-06-04T21:08:37+05:30 logger.go:67:       [32m+[0m[0m source_resource_instance_id = (known after apply)
TestRunCompleteExample 2026-06-04T21:08:37+05:30 logger.go:67:       [32m+[0m[0m source_resource_type        = (known after apply)
TestRunCompleteExample 2026-06-04T21:08:37+05:30 logger.go:67:       [32m+[0m[0m source_service_account      = (known after apply)
TestRunCompleteExample 2026-06-04T21:08:37+05:30 logger.go:67:       [32m+[0m[0m source_service_name         = (known after apply)
TestRunCompleteExample 2026-06-04T21:08:37+05:30 logger.go:67:       [32m+[0m[0m target_resource_group_id    = (known after apply)
TestRunCompleteExample 2026-06-04T21:08:37+05:30 logger.go:67:       [32m+[0m[0m target_resource_instance_id = (known after apply)
TestRunCompleteExample 2026-06-04T21:08:37+05:30 logger.go:67:       [32m+[0m[0m target_resource_type        = (known after apply)
TestRunCompleteExample 2026-06-04T21:08:37+05:30 logger.go:67:       [32m+[0m[0m target_service_name         = (known after apply)
TestRunCompleteExample 2026-06-04T21:08:37+05:30 logger.go:67:       [32m+[0m[0m transaction_id              = (known after apply)
TestRunCompleteExample 2026-06-04T21:08:37+05:30 logger.go:67:       [32m+[0m[0m version                     = (known after apply)
TestRunCompleteExample 2026-06-04T21:08:37+05:30 logger.go:67: 
TestRunCompleteExample 2026-06-04T21:08:37+05:30 logger.go:67:       [32m+[0m[0m resource_attributes {
TestRunCompleteExample 2026-06-04T21:08:37+05:30 logger.go:67:           [32m+[0m[0m name     = "accountId"
TestRunCompleteExample 2026-06-04T21:08:37+05:30 logger.go:67:           [32m+[0m[0m operator = "stringEquals"
TestRunCompleteExample 2026-06-04T21:08:37+05:30 logger.go:67:           [32m+[0m[0m value    = "abac0df06b644a9cabc6e44f55b3880e"
TestRunCompleteExample 2026-06-04T21:08:37+05:30 logger.go:67:         }
TestRunCompleteExample 2026-06-04T21:08:37+05:30 logger.go:67:       [32m+[0m[0m resource_attributes {
TestRunCompleteExample 2026-06-04T21:08:37+05:30 logger.go:67:           [32m+[0m[0m name     = "resourceType"
TestRunCompleteExample 2026-06-04T21:08:37+05:30 logger.go:67:           [32m+[0m[0m operator = "stringEquals"
TestRunCompleteExample 2026-06-04T21:08:37+05:30 logger.go:67:           [32m+[0m[0m value    = "key"
TestRunCompleteExample 2026-06-04T21:08:37+05:30 logger.go:67:         }
TestRunCompleteExample 2026-06-04T21:08:37+05:30 logger.go:67:       [32m+[0m[0m resource_attributes {
TestRunCompleteExample 2026-06-04T21:08:37+05:30 logger.go:67:           [32m+[0m[0m name     = "serviceName"
TestRunCompleteExample 2026-06-04T21:08:37+05:30 logger.go:67:           [32m+[0m[0m operator = "stringEquals"
TestRunCompleteExample 2026-06-04T21:08:37+05:30 logger.go:67:           [32m+[0m[0m value    = "kms"
TestRunCompleteExample 2026-06-04T21:08:37+05:30 logger.go:67:         }
TestRunCompleteExample 2026-06-04T21:08:37+05:30 logger.go:67: 
TestRunCompleteExample 2026-06-04T21:08:37+05:30 logger.go:67:       [32m+[0m[0m subject_attributes {
TestRunCompleteExample 2026-06-04T21:08:37+05:30 logger.go:67:           [32m+[0m[0m name     = "accountId"
TestRunCompleteExample 2026-06-04T21:08:37+05:30 logger.go:67:           [32m+[0m[0m operator = "stringEquals"
TestRunCompleteExample 2026-06-04T21:08:37+05:30 logger.go:67:           [32m+[0m[0m value    = "abac0df06b644a9cabc6e44f55b3880e"
TestRunCompleteExample 2026-06-04T21:08:37+05:30 logger.go:67:         }
TestRunCompleteExample 2026-06-04T21:08:37+05:30 logger.go:67:       [32m+[0m[0m subject_attributes {
TestRunCompleteExample 2026-06-04T21:08:37+05:30 logger.go:67:           [32m+[0m[0m name     = "serviceName"
TestRunCompleteExample 2026-06-04T21:08:37+05:30 logger.go:67:           [32m+[0m[0m operator = "stringEquals"
TestRunCompleteExample 2026-06-04T21:08:37+05:30 logger.go:67:           [32m+[0m[0m value    = "cloud-object-storage"
TestRunCompleteExample 2026-06-04T21:08:37+05:30 logger.go:67:         }
TestRunCompleteExample 2026-06-04T21:08:37+05:30 logger.go:67:     }
TestRunCompleteExample 2026-06-04T21:08:37+05:30 logger.go:67: 
TestRunCompleteExample 2026-06-04T21:08:37+05:30 logger.go:67: [1m  # module.service_auth_cbr_rules.ibm_iam_authorization_policy.auth_policies["scenario-resource-attrs"][0m will be created
TestRunCompleteExample 2026-06-04T21:08:37+05:30 logger.go:67: [0m  [32m+[0m[0m resource "ibm_iam_authorization_policy" "auth_policies" {
TestRunCompleteExample 2026-06-04T21:08:37+05:30 logger.go:67:       [32m+[0m[0m description                 = "Scenario: Static source with dynamic resource - COS instance to KMS account"
TestRunCompleteExample 2026-06-04T21:08:37+05:30 logger.go:67:       [32m+[0m[0m id                          = (known after apply)
TestRunCompleteExample 2026-06-04T21:08:37+05:30 logger.go:67:       [32m+[0m[0m roles                       = [
TestRunCompleteExample 2026-06-04T21:08:37+05:30 logger.go:67:           [32m+[0m[0m "Reader",
TestRunCompleteExample 2026-06-04T21:08:37+05:30 logger.go:67:         ]
TestRunCompleteExample 2026-06-04T21:08:37+05:30 logger.go:67:       [32m+[0m[0m source_resource_group_id    = (known after apply)
TestRunCompleteExample 2026-06-04T21:08:37+05:30 logger.go:67:       [32m+[0m[0m source_resource_instance_id = (known after apply)
TestRunCompleteExample 2026-06-04T21:08:37+05:30 logger.go:67:       [32m+[0m[0m source_resource_type        = (known after apply)
TestRunCompleteExample 2026-06-04T21:08:37+05:30 logger.go:67:       [32m+[0m[0m source_service_account      = (known after apply)
TestRunCompleteExample 2026-06-04T21:08:37+05:30 logger.go:67:       [32m+[0m[0m source_service_name         = "cloud-object-storage"
TestRunCompleteExample 2026-06-04T21:08:37+05:30 logger.go:67:       [32m+[0m[0m target_resource_group_id    = (known after apply)
TestRunCompleteExample 2026-06-04T21:08:37+05:30 logger.go:67:       [32m+[0m[0m target_resource_instance_id = (known after apply)
TestRunCompleteExample 2026-06-04T21:08:37+05:30 logger.go:67:       [32m+[0m[0m target_resource_type        = (known after apply)
TestRunCompleteExample 2026-06-04T21:08:37+05:30 logger.go:67:       [32m+[0m[0m target_service_name         = (known after apply)
TestRunCompleteExample 2026-06-04T21:08:37+05:30 logger.go:67:       [32m+[0m[0m transaction_id              = (known after apply)
TestRunCompleteExample 2026-06-04T21:08:37+05:30 logger.go:67:       [32m+[0m[0m version                     = (known after apply)
TestRunCompleteExample 2026-06-04T21:08:37+05:30 logger.go:67: 
TestRunCompleteExample 2026-06-04T21:08:37+05:30 logger.go:67:       [32m+[0m[0m resource_attributes {
TestRunCompleteExample 2026-06-04T21:08:37+05:30 logger.go:67:           [32m+[0m[0m name     = "accountId"
TestRunCompleteExample 2026-06-04T21:08:37+05:30 logger.go:67:           [32m+[0m[0m operator = "stringEquals"
TestRunCompleteExample 2026-06-04T21:08:37+05:30 logger.go:67:           [32m+[0m[0m value    = "abac0df06b644a9cabc6e44f55b3880e"
TestRunCompleteExample 2026-06-04T21:08:37+05:30 logger.go:67:         }
TestRunCompleteExample 2026-06-04T21:08:37+05:30 logger.go:67:       [32m+[0m[0m resource_attributes {
TestRunCompleteExample 2026-06-04T21:08:37+05:30 logger.go:67:           [32m+[0m[0m name     = "serviceName"
TestRunCompleteExample 2026-06-04T21:08:37+05:30 logger.go:67:           [32m+[0m[0m operator = "stringEquals"
TestRunCompleteExample 2026-06-04T21:08:37+05:30 logger.go:67:           [32m+[0m[0m value    = "kms"
TestRunCompleteExample 2026-06-04T21:08:37+05:30 logger.go:67:         }
TestRunCompleteExample 2026-06-04T21:08:37+05:30 logger.go:67: 
TestRunCompleteExample 2026-06-04T21:08:37+05:30 logger.go:67:       [32m+[0m[0m subject_attributes (known after apply)
TestRunCompleteExample 2026-06-04T21:08:37+05:30 logger.go:67:     }
TestRunCompleteExample 2026-06-04T21:08:37+05:30 logger.go:67: 
TestRunCompleteExample 2026-06-04T21:08:37+05:30 logger.go:67: [1m  # module.service_auth_cbr_rules.ibm_iam_authorization_policy.auth_policies["scenario-subject-attrs"][0m will be created
TestRunCompleteExample 2026-06-04T21:08:37+05:30 logger.go:67: [0m  [32m+[0m[0m resource "ibm_iam_authorization_policy" "auth_policies" {
TestRunCompleteExample 2026-06-04T21:08:37+05:30 logger.go:67:       [32m+[0m[0m description                 = "Scenario: Dynamic subject with static target - COS account to KMS RG"
TestRunCompleteExample 2026-06-04T21:08:37+05:30 logger.go:67:       [32m+[0m[0m id                          = (known after apply)
TestRunCompleteExample 2026-06-04T21:08:37+05:30 logger.go:67:       [32m+[0m[0m roles                       = [
TestRunCompleteExample 2026-06-04T21:08:37+05:30 logger.go:67:           [32m+[0m[0m "Reader",
TestRunCompleteExample 2026-06-04T21:08:37+05:30 logger.go:67:         ]
TestRunCompleteExample 2026-06-04T21:08:37+05:30 logger.go:67:       [32m+[0m[0m source_resource_group_id    = (known after apply)
TestRunCompleteExample 2026-06-04T21:08:37+05:30 logger.go:67:       [32m+[0m[0m source_resource_instance_id = (known after apply)
TestRunCompleteExample 2026-06-04T21:08:37+05:30 logger.go:67:       [32m+[0m[0m source_resource_type        = (known after apply)
TestRunCompleteExample 2026-06-04T21:08:37+05:30 logger.go:67:       [32m+[0m[0m source_service_account      = (known after apply)
TestRunCompleteExample 2026-06-04T21:08:37+05:30 logger.go:67:       [32m+[0m[0m source_service_name         = (known after apply)
TestRunCompleteExample 2026-06-04T21:08:37+05:30 logger.go:67:       [32m+[0m[0m target_resource_group_id    = (known after apply)
TestRunCompleteExample 2026-06-04T21:08:37+05:30 logger.go:67:       [32m+[0m[0m target_resource_instance_id = (known after apply)
TestRunCompleteExample 2026-06-04T21:08:37+05:30 logger.go:67:       [32m+[0m[0m target_resource_type        = (known after apply)
TestRunCompleteExample 2026-06-04T21:08:37+05:30 logger.go:67:       [32m+[0m[0m target_service_name         = "kms"
TestRunCompleteExample 2026-06-04T21:08:37+05:30 logger.go:67:       [32m+[0m[0m transaction_id              = (known after apply)
TestRunCompleteExample 2026-06-04T21:08:37+05:30 logger.go:67:       [32m+[0m[0m version                     = (known after apply)
TestRunCompleteExample 2026-06-04T21:08:37+05:30 logger.go:67: 
TestRunCompleteExample 2026-06-04T21:08:37+05:30 logger.go:67:       [32m+[0m[0m resource_attributes (known after apply)
TestRunCompleteExample 2026-06-04T21:08:37+05:30 logger.go:67: 
TestRunCompleteExample 2026-06-04T21:08:37+05:30 logger.go:67:       [32m+[0m[0m subject_attributes {
TestRunCompleteExample 2026-06-04T21:08:37+05:30 logger.go:67:           [32m+[0m[0m name     = "accountId"
TestRunCompleteExample 2026-06-04T21:08:37+05:30 logger.go:67:           [32m+[0m[0m operator = "stringEquals"
TestRunCompleteExample 2026-06-04T21:08:37+05:30 logger.go:67:           [32m+[0m[0m value    = "abac0df06b644a9cabc6e44f55b3880e"
TestRunCompleteExample 2026-06-04T21:08:37+05:30 logger.go:67:         }
TestRunCompleteExample 2026-06-04T21:08:37+05:30 logger.go:67:       [32m+[0m[0m subject_attributes {
TestRunCompleteExample 2026-06-04T21:08:37+05:30 logger.go:67:           [32m+[0m[0m name     = "serviceName"
TestRunCompleteExample 2026-06-04T21:08:37+05:30 logger.go:67:           [32m+[0m[0m operator = "stringEquals"
TestRunCompleteExample 2026-06-04T21:08:37+05:30 logger.go:67:           [32m+[0m[0m value    = "cloud-object-storage"
TestRunCompleteExample 2026-06-04T21:08:37+05:30 logger.go:67:         }
TestRunCompleteExample 2026-06-04T21:08:37+05:30 logger.go:67:     }
TestRunCompleteExample 2026-06-04T21:08:37+05:30 logger.go:67: 
TestRunCompleteExample 2026-06-04T21:08:37+05:30 logger.go:67: [1m  # module.service_auth_cbr_rules.ibm_iam_authorization_policy.auth_policies["test-policy-1"][0m will be created
TestRunCompleteExample 2026-06-04T21:08:37+05:30 logger.go:67: [0m  [32m+[0m[0m resource "ibm_iam_authorization_policy" "auth_policies" {
TestRunCompleteExample 2026-06-04T21:08:37+05:30 logger.go:67:       [32m+[0m[0m description                 = "This is a test policy locked to 2 instance IDs"
TestRunCompleteExample 2026-06-04T21:08:37+05:30 logger.go:67:       [32m+[0m[0m id                          = (known after apply)
TestRunCompleteExample 2026-06-04T21:08:37+05:30 logger.go:67:       [32m+[0m[0m roles                       = [
TestRunCompleteExample 2026-06-04T21:08:37+05:30 logger.go:67:           [32m+[0m[0m "Reader",
TestRunCompleteExample 2026-06-04T21:08:37+05:30 logger.go:67:         ]
TestRunCompleteExample 2026-06-04T21:08:37+05:30 logger.go:67:       [32m+[0m[0m source_resource_group_id    = (known after apply)
TestRunCompleteExample 2026-06-04T21:08:37+05:30 logger.go:67:       [32m+[0m[0m source_resource_instance_id = (known after apply)
TestRunCompleteExample 2026-06-04T21:08:37+05:30 logger.go:67:       [32m+[0m[0m source_resource_type        = (known after apply)
TestRunCompleteExample 2026-06-04T21:08:37+05:30 logger.go:67:       [32m+[0m[0m source_service_account      = (known after apply)
TestRunCompleteExample 2026-06-04T21:08:37+05:30 logger.go:67:       [32m+[0m[0m source_service_name         = "cloud-object-storage"
TestRunCompleteExample 2026-06-04T21:08:37+05:30 logger.go:67:       [32m+[0m[0m target_resource_group_id    = (known after apply)
TestRunCompleteExample 2026-06-04T21:08:37+05:30 logger.go:67:       [32m+[0m[0m target_resource_instance_id = (known after apply)
TestRunCompleteExample 2026-06-04T21:08:37+05:30 logger.go:67:       [32m+[0m[0m target_resource_type        = (known after apply)
TestRunCompleteExample 2026-06-04T21:08:37+05:30 logger.go:67:       [32m+[0m[0m target_service_name         = "kms"
TestRunCompleteExample 2026-06-04T21:08:37+05:30 logger.go:67:       [32m+[0m[0m transaction_id              = (known after apply)
TestRunCompleteExample 2026-06-04T21:08:37+05:30 logger.go:67:       [32m+[0m[0m version                     = (known after apply)
TestRunCompleteExample 2026-06-04T21:08:37+05:30 logger.go:67: 
TestRunCompleteExample 2026-06-04T21:08:37+05:30 logger.go:67:       [32m+[0m[0m resource_attributes (known after apply)
TestRunCompleteExample 2026-06-04T21:08:37+05:30 logger.go:67: 
TestRunCompleteExample 2026-06-04T21:08:37+05:30 logger.go:67:       [32m+[0m[0m subject_attributes (known after apply)
TestRunCompleteExample 2026-06-04T21:08:37+05:30 logger.go:67:     }
TestRunCompleteExample 2026-06-04T21:08:37+05:30 logger.go:67: 
TestRunCompleteExample 2026-06-04T21:08:37+05:30 logger.go:67: [1m  # module.service_auth_cbr_rules.ibm_iam_authorization_policy.auth_policies["test-policy-2"][0m will be created
TestRunCompleteExample 2026-06-04T21:08:37+05:30 logger.go:67: [0m  [32m+[0m[0m resource "ibm_iam_authorization_policy" "auth_policies" {
TestRunCompleteExample 2026-06-04T21:08:37+05:30 logger.go:67:       [32m+[0m[0m description                 = "This is a test policy locked to target instance ID"
TestRunCompleteExample 2026-06-04T21:08:37+05:30 logger.go:67:       [32m+[0m[0m id                          = (known after apply)
TestRunCompleteExample 2026-06-04T21:08:37+05:30 logger.go:67:       [32m+[0m[0m roles                       = [
TestRunCompleteExample 2026-06-04T21:08:37+05:30 logger.go:67:           [32m+[0m[0m "Reader",
TestRunCompleteExample 2026-06-04T21:08:37+05:30 logger.go:67:         ]
TestRunCompleteExample 2026-06-04T21:08:37+05:30 logger.go:67:       [32m+[0m[0m source_resource_group_id    = (known after apply)
TestRunCompleteExample 2026-06-04T21:08:37+05:30 logger.go:67:       [32m+[0m[0m source_resource_instance_id = (known after apply)
TestRunCompleteExample 2026-06-04T21:08:37+05:30 logger.go:67:       [32m+[0m[0m source_resource_type        = (known after apply)
TestRunCompleteExample 2026-06-04T21:08:37+05:30 logger.go:67:       [32m+[0m[0m source_service_account      = (known after apply)
TestRunCompleteExample 2026-06-04T21:08:37+05:30 logger.go:67:       [32m+[0m[0m source_service_name         = "cloud-object-storage"
TestRunCompleteExample 2026-06-04T21:08:37+05:30 logger.go:67:       [32m+[0m[0m target_resource_group_id    = (known after apply)
TestRunCompleteExample 2026-06-04T21:08:37+05:30 logger.go:67:       [32m+[0m[0m target_resource_instance_id = (known after apply)
TestRunCompleteExample 2026-06-04T21:08:37+05:30 logger.go:67:       [32m+[0m[0m target_resource_type        = (known after apply)
TestRunCompleteExample 2026-06-04T21:08:37+05:30 logger.go:67:       [32m+[0m[0m target_service_name         = "kms"
TestRunCompleteExample 2026-06-04T21:08:37+05:30 logger.go:67:       [32m+[0m[0m transaction_id              = (known after apply)
TestRunCompleteExample 2026-06-04T21:08:37+05:30 logger.go:67:       [32m+[0m[0m version                     = (known after apply)
TestRunCompleteExample 2026-06-04T21:08:37+05:30 logger.go:67: 
TestRunCompleteExample 2026-06-04T21:08:37+05:30 logger.go:67:       [32m+[0m[0m resource_attributes (known after apply)
TestRunCompleteExample 2026-06-04T21:08:37+05:30 logger.go:67: 
TestRunCompleteExample 2026-06-04T21:08:37+05:30 logger.go:67:       [32m+[0m[0m subject_attributes (known after apply)
TestRunCompleteExample 2026-06-04T21:08:37+05:30 logger.go:67:     }
TestRunCompleteExample 2026-06-04T21:08:37+05:30 logger.go:67: 
TestRunCompleteExample 2026-06-04T21:08:37+05:30 logger.go:67: [1m  # module.service_auth_cbr_rules.ibm_iam_authorization_policy.auth_policies["test-policy-3"][0m will be created
TestRunCompleteExample 2026-06-04T21:08:37+05:30 logger.go:67: [0m  [32m+[0m[0m resource "ibm_iam_authorization_policy" "auth_policies" {
TestRunCompleteExample 2026-06-04T21:08:37+05:30 logger.go:67:       [32m+[0m[0m description                 = "This is a test policy locked to source instance ID"
TestRunCompleteExample 2026-06-04T21:08:37+05:30 logger.go:67:       [32m+[0m[0m id                          = (known after apply)
TestRunCompleteExample 2026-06-04T21:08:37+05:30 logger.go:67:       [32m+[0m[0m roles                       = [
TestRunCompleteExample 2026-06-04T21:08:37+05:30 logger.go:67:           [32m+[0m[0m "Reader",
TestRunCompleteExample 2026-06-04T21:08:37+05:30 logger.go:67:         ]
TestRunCompleteExample 2026-06-04T21:08:37+05:30 logger.go:67:       [32m+[0m[0m source_resource_group_id    = (known after apply)
TestRunCompleteExample 2026-06-04T21:08:37+05:30 logger.go:67:       [32m+[0m[0m source_resource_instance_id = (known after apply)
TestRunCompleteExample 2026-06-04T21:08:37+05:30 logger.go:67:       [32m+[0m[0m source_resource_type        = (known after apply)
TestRunCompleteExample 2026-06-04T21:08:37+05:30 logger.go:67:       [32m+[0m[0m source_service_account      = (known after apply)
TestRunCompleteExample 2026-06-04T21:08:37+05:30 logger.go:67:       [32m+[0m[0m source_service_name         = "cloud-object-storage"
TestRunCompleteExample 2026-06-04T21:08:37+05:30 logger.go:67:       [32m+[0m[0m target_resource_group_id    = (known after apply)
TestRunCompleteExample 2026-06-04T21:08:37+05:30 logger.go:67:       [32m+[0m[0m target_resource_instance_id = (known after apply)
TestRunCompleteExample 2026-06-04T21:08:37+05:30 logger.go:67:       [32m+[0m[0m target_resource_type        = (known after apply)
TestRunCompleteExample 2026-06-04T21:08:37+05:30 logger.go:67:       [32m+[0m[0m target_service_name         = "kms"
TestRunCompleteExample 2026-06-04T21:08:37+05:30 logger.go:67:       [32m+[0m[0m transaction_id              = (known after apply)
TestRunCompleteExample 2026-06-04T21:08:37+05:30 logger.go:67:       [32m+[0m[0m version                     = (known after apply)
TestRunCompleteExample 2026-06-04T21:08:37+05:30 logger.go:67: 
TestRunCompleteExample 2026-06-04T21:08:37+05:30 logger.go:67:       [32m+[0m[0m resource_attributes (known after apply)
TestRunCompleteExample 2026-06-04T21:08:37+05:30 logger.go:67: 
TestRunCompleteExample 2026-06-04T21:08:37+05:30 logger.go:67:       [32m+[0m[0m subject_attributes (known after apply)
TestRunCompleteExample 2026-06-04T21:08:37+05:30 logger.go:67:     }
TestRunCompleteExample 2026-06-04T21:08:37+05:30 logger.go:67: 
TestRunCompleteExample 2026-06-04T21:08:37+05:30 logger.go:67: [1m  # module.service_auth_cbr_rules.module.cbr_rules[0].module.cbr_rule[0].ibm_cbr_rule.cbr_rule[0m will be created
TestRunCompleteExample 2026-06-04T21:08:37+05:30 logger.go:67: [0m  [32m+[0m[0m resource "ibm_cbr_rule" "cbr_rule" {
TestRunCompleteExample 2026-06-04T21:08:37+05:30 logger.go:67:       [32m+[0m[0m created_at          = (known after apply)
TestRunCompleteExample 2026-06-04T21:08:37+05:30 logger.go:67:       [32m+[0m[0m created_by_id       = (known after apply)
TestRunCompleteExample 2026-06-04T21:08:37+05:30 logger.go:67:       [32m+[0m[0m crn                 = (known after apply)
TestRunCompleteExample 2026-06-04T21:08:37+05:30 logger.go:67:       [32m+[0m[0m description         = "s2s-z7e-kms-serviceprofile-rule"
TestRunCompleteExample 2026-06-04T21:08:37+05:30 logger.go:67:       [32m+[0m[0m enforcement_mode    = "report"
TestRunCompleteExample 2026-06-04T21:08:37+05:30 logger.go:67:       [32m+[0m[0m etag                = (known after apply)
TestRunCompleteExample 2026-06-04T21:08:37+05:30 logger.go:67:       [32m+[0m[0m href                = (known after apply)
TestRunCompleteExample 2026-06-04T21:08:37+05:30 logger.go:67:       [32m+[0m[0m id                  = (known after apply)
TestRunCompleteExample 2026-06-04T21:08:37+05:30 logger.go:67:       [32m+[0m[0m last_modified_at    = (known after apply)
TestRunCompleteExample 2026-06-04T21:08:37+05:30 logger.go:67:       [32m+[0m[0m last_modified_by_id = (known after apply)
TestRunCompleteExample 2026-06-04T21:08:37+05:30 logger.go:67: 
TestRunCompleteExample 2026-06-04T21:08:37+05:30 logger.go:67:       [32m+[0m[0m contexts {
TestRunCompleteExample 2026-06-04T21:08:37+05:30 logger.go:67:           [32m+[0m[0m attributes {
TestRunCompleteExample 2026-06-04T21:08:37+05:30 logger.go:67:               [32m+[0m[0m name  = "endpointType"
TestRunCompleteExample 2026-06-04T21:08:37+05:30 logger.go:67:               [32m+[0m[0m value = "private"
TestRunCompleteExample 2026-06-04T21:08:37+05:30 logger.go:67:             }
TestRunCompleteExample 2026-06-04T21:08:37+05:30 logger.go:67:           [32m+[0m[0m attributes {
TestRunCompleteExample 2026-06-04T21:08:37+05:30 logger.go:67:               [32m+[0m[0m name  = "networkZoneId"
TestRunCompleteExample 2026-06-04T21:08:37+05:30 logger.go:67:               [32m+[0m[0m value = (known after apply)
TestRunCompleteExample 2026-06-04T21:08:37+05:30 logger.go:67:             }
TestRunCompleteExample 2026-06-04T21:08:37+05:30 logger.go:67:         }
TestRunCompleteExample 2026-06-04T21:08:37+05:30 logger.go:67: 
TestRunCompleteExample 2026-06-04T21:08:37+05:30 logger.go:67:       [32m+[0m[0m operations {
TestRunCompleteExample 2026-06-04T21:08:37+05:30 logger.go:67:           [32m+[0m[0m api_types {
TestRunCompleteExample 2026-06-04T21:08:37+05:30 logger.go:67:               [32m+[0m[0m api_type_id  = "crn:v1:bluemix:public:context-based-restrictions::::api-type:"
TestRunCompleteExample 2026-06-04T21:08:37+05:30 logger.go:67:               [32m+[0m[0m description  = (known after apply)
TestRunCompleteExample 2026-06-04T21:08:37+05:30 logger.go:67:               [32m+[0m[0m display_name = (known after apply)
TestRunCompleteExample 2026-06-04T21:08:37+05:30 logger.go:67:             }
TestRunCompleteExample 2026-06-04T21:08:37+05:30 logger.go:67:         }
TestRunCompleteExample 2026-06-04T21:08:37+05:30 logger.go:67: 
TestRunCompleteExample 2026-06-04T21:08:37+05:30 logger.go:67:       [32m+[0m[0m resources {
TestRunCompleteExample 2026-06-04T21:08:37+05:30 logger.go:67:           [32m+[0m[0m attributes (known after apply)
TestRunCompleteExample 2026-06-04T21:08:37+05:30 logger.go:67:         }
TestRunCompleteExample 2026-06-04T21:08:37+05:30 logger.go:67:     }
TestRunCompleteExample 2026-06-04T21:08:37+05:30 logger.go:67: 
TestRunCompleteExample 2026-06-04T21:08:37+05:30 logger.go:67: [1m  # module.service_auth_cbr_rules.module.cbr_rules[0].module.cbr_zone[0].ibm_cbr_zone.cbr_zone[0][0m will be created
TestRunCompleteExample 2026-06-04T21:08:37+05:30 logger.go:67: [0m  [32m+[0m[0m resource "ibm_cbr_zone" "cbr_zone" {
TestRunCompleteExample 2026-06-04T21:08:37+05:30 logger.go:67:       [32m+[0m[0m account_id          = "abac0df06b644a9cabc6e44f55b3880e"
TestRunCompleteExample 2026-06-04T21:08:37+05:30 logger.go:67:       [32m+[0m[0m address_count       = (known after apply)
TestRunCompleteExample 2026-06-04T21:08:37+05:30 logger.go:67:       [32m+[0m[0m created_at          = (known after apply)
TestRunCompleteExample 2026-06-04T21:08:37+05:30 logger.go:67:       [32m+[0m[0m created_by_id       = (known after apply)
TestRunCompleteExample 2026-06-04T21:08:37+05:30 logger.go:67:       [32m+[0m[0m crn                 = (known after apply)
TestRunCompleteExample 2026-06-04T21:08:37+05:30 logger.go:67:       [32m+[0m[0m description         = "s2s-z7e-cbr-vpc-zone"
TestRunCompleteExample 2026-06-04T21:08:37+05:30 logger.go:67:       [32m+[0m[0m etag                = (known after apply)
TestRunCompleteExample 2026-06-04T21:08:37+05:30 logger.go:67:       [32m+[0m[0m excluded_count      = (known after apply)
TestRunCompleteExample 2026-06-04T21:08:37+05:30 logger.go:67:       [32m+[0m[0m href                = (known after apply)
TestRunCompleteExample 2026-06-04T21:08:37+05:30 logger.go:67:       [32m+[0m[0m id                  = (known after apply)
TestRunCompleteExample 2026-06-04T21:08:37+05:30 logger.go:67:       [32m+[0m[0m last_modified_at    = (known after apply)
TestRunCompleteExample 2026-06-04T21:08:37+05:30 logger.go:67:       [32m+[0m[0m last_modified_by_id = (known after apply)
TestRunCompleteExample 2026-06-04T21:08:37+05:30 logger.go:67:       [32m+[0m[0m name                = "s2s-z7e-cbr-vpc-zone"
TestRunCompleteExample 2026-06-04T21:08:37+05:30 logger.go:67: 
TestRunCompleteExample 2026-06-04T21:08:37+05:30 logger.go:67:       [32m+[0m[0m addresses {
TestRunCompleteExample 2026-06-04T21:08:37+05:30 logger.go:67:           [32m+[0m[0m type  = "vpc"
TestRunCompleteExample 2026-06-04T21:08:37+05:30 logger.go:67:           [32m+[0m[0m value = (known after apply)
TestRunCompleteExample 2026-06-04T21:08:37+05:30 logger.go:67:         }
TestRunCompleteExample 2026-06-04T21:08:37+05:30 logger.go:67:     }
TestRunCompleteExample 2026-06-04T21:08:37+05:30 logger.go:67: 
TestRunCompleteExample 2026-06-04T21:08:37+05:30 logger.go:67: [1m  # module.service_auth_cbr_rules.module.cbr_rules[0].module.cbr_zone[1].ibm_cbr_zone.cbr_zone[0][0m will be created
TestRunCompleteExample 2026-06-04T21:08:37+05:30 logger.go:67: [0m  [32m+[0m[0m resource "ibm_cbr_zone" "cbr_zone" {
TestRunCompleteExample 2026-06-04T21:08:37+05:30 logger.go:67:       [32m+[0m[0m account_id          = "abac0df06b644a9cabc6e44f55b3880e"
TestRunCompleteExample 2026-06-04T21:08:37+05:30 logger.go:67:       [32m+[0m[0m address_count       = (known after apply)
TestRunCompleteExample 2026-06-04T21:08:37+05:30 logger.go:67:       [32m+[0m[0m created_at          = (known after apply)
TestRunCompleteExample 2026-06-04T21:08:37+05:30 logger.go:67:       [32m+[0m[0m created_by_id       = (known after apply)
TestRunCompleteExample 2026-06-04T21:08:37+05:30 logger.go:67:       [32m+[0m[0m crn                 = (known after apply)
TestRunCompleteExample 2026-06-04T21:08:37+05:30 logger.go:67:       [32m+[0m[0m description         = "cloud-object-storage-cbr-serviceref-zone"
TestRunCompleteExample 2026-06-04T21:08:37+05:30 logger.go:67:       [32m+[0m[0m etag                = (known after apply)
TestRunCompleteExample 2026-06-04T21:08:37+05:30 logger.go:67:       [32m+[0m[0m excluded_count      = (known after apply)
TestRunCompleteExample 2026-06-04T21:08:37+05:30 logger.go:67:       [32m+[0m[0m href                = (known after apply)
TestRunCompleteExample 2026-06-04T21:08:37+05:30 logger.go:67:       [32m+[0m[0m id                  = (known after apply)
TestRunCompleteExample 2026-06-04T21:08:37+05:30 logger.go:67:       [32m+[0m[0m last_modified_at    = (known after apply)
TestRunCompleteExample 2026-06-04T21:08:37+05:30 logger.go:67:       [32m+[0m[0m last_modified_by_id = (known after apply)
TestRunCompleteExample 2026-06-04T21:08:37+05:30 logger.go:67:       [32m+[0m[0m name                = "s2s-z7e-cloud-object-storage-cbr-serviceref-zone"
TestRunCompleteExample 2026-06-04T21:08:37+05:30 logger.go:67: 
TestRunCompleteExample 2026-06-04T21:08:37+05:30 logger.go:67:       [32m+[0m[0m addresses {
TestRunCompleteExample 2026-06-04T21:08:37+05:30 logger.go:67:           [32m+[0m[0m type = "serviceRef"
TestRunCompleteExample 2026-06-04T21:08:37+05:30 logger.go:67: 
TestRunCompleteExample 2026-06-04T21:08:37+05:30 logger.go:67:           [32m+[0m[0m ref {
TestRunCompleteExample 2026-06-04T21:08:37+05:30 logger.go:67:               [32m+[0m[0m account_id   = "abac0df06b644a9cabc6e44f55b3880e"
TestRunCompleteExample 2026-06-04T21:08:37+05:30 logger.go:67:               [32m+[0m[0m service_name = "cloud-object-storage"
TestRunCompleteExample 2026-06-04T21:08:37+05:30 logger.go:67:             }
TestRunCompleteExample 2026-06-04T21:08:37+05:30 logger.go:67:         }
TestRunCompleteExample 2026-06-04T21:08:37+05:30 logger.go:67:     }
TestRunCompleteExample 2026-06-04T21:08:37+05:30 logger.go:67: 
TestRunCompleteExample 2026-06-04T21:08:37+05:30 logger.go:67: [1mPlan:[0m 16 to add, 0 to change, 0 to destroy.
TestRunCompleteExample 2026-06-04T21:08:37+05:30 logger.go:67: [0m
TestRunCompleteExample 2026-06-04T21:08:37+05:30 logger.go:67: Changes to Outputs:
TestRunCompleteExample 2026-06-04T21:08:37+05:30 logger.go:67:   [32m+[0m[0m cos_instance              = (known after apply)
TestRunCompleteExample 2026-06-04T21:08:37+05:30 logger.go:67:   [32m+[0m[0m key_protect_instance_guid = (known after apply)
TestRunCompleteExample 2026-06-04T21:08:37+05:30 logger.go:67:   [32m+[0m[0m service_auth_cbr_rules    = {
TestRunCompleteExample 2026-06-04T21:08:37+05:30 logger.go:67:       [32m+[0m[0m auth_policies = {
TestRunCompleteExample 2026-06-04T21:08:37+05:30 logger.go:67:           [32m+[0m[0m scenario-both-attrs     = {
TestRunCompleteExample 2026-06-04T21:08:37+05:30 logger.go:67:               [32m+[0m[0m description                 = "Scenario: Both dynamic attributes - COS account to KMS keys"
TestRunCompleteExample 2026-06-04T21:08:37+05:30 logger.go:67:               [32m+[0m[0m id                          = (known after apply)
TestRunCompleteExample 2026-06-04T21:08:37+05:30 logger.go:67:               [32m+[0m[0m resource_attributes         = [
TestRunCompleteExample 2026-06-04T21:08:37+05:30 logger.go:67:                   [32m+[0m[0m {
TestRunCompleteExample 2026-06-04T21:08:37+05:30 logger.go:67:                       [32m+[0m[0m name     = "accountId"
TestRunCompleteExample 2026-06-04T21:08:37+05:30 logger.go:67:                       [32m+[0m[0m operator = "stringEquals"
TestRunCompleteExample 2026-06-04T21:08:37+05:30 logger.go:67:                       [32m+[0m[0m value    = "abac0df06b644a9cabc6e44f55b3880e"
TestRunCompleteExample 2026-06-04T21:08:37+05:30 logger.go:67:                     },
TestRunCompleteExample 2026-06-04T21:08:37+05:30 logger.go:67:                   [32m+[0m[0m {
TestRunCompleteExample 2026-06-04T21:08:37+05:30 logger.go:67:                       [32m+[0m[0m name     = "resourceType"
TestRunCompleteExample 2026-06-04T21:08:37+05:30 logger.go:67:                       [32m+[0m[0m operator = "stringEquals"
TestRunCompleteExample 2026-06-04T21:08:37+05:30 logger.go:67:                       [32m+[0m[0m value    = "key"
TestRunCompleteExample 2026-06-04T21:08:37+05:30 logger.go:67:                     },
TestRunCompleteExample 2026-06-04T21:08:37+05:30 logger.go:67:                   [32m+[0m[0m {
TestRunCompleteExample 2026-06-04T21:08:37+05:30 logger.go:67:                       [32m+[0m[0m name     = "serviceName"
TestRunCompleteExample 2026-06-04T21:08:37+05:30 logger.go:67:                       [32m+[0m[0m operator = "stringEquals"
TestRunCompleteExample 2026-06-04T21:08:37+05:30 logger.go:67:                       [32m+[0m[0m value    = "kms"
TestRunCompleteExample 2026-06-04T21:08:37+05:30 logger.go:67:                     },
TestRunCompleteExample 2026-06-04T21:08:37+05:30 logger.go:67:                 ]
TestRunCompleteExample 2026-06-04T21:08:37+05:30 logger.go:67:               [32m+[0m[0m roles                       = [
TestRunCompleteExample 2026-06-04T21:08:37+05:30 logger.go:67:                   [32m+[0m[0m "Reader",
TestRunCompleteExample 2026-06-04T21:08:37+05:30 logger.go:67:                 ]
TestRunCompleteExample 2026-06-04T21:08:37+05:30 logger.go:67:               [32m+[0m[0m source_resource_group_id    = (known after apply)
TestRunCompleteExample 2026-06-04T21:08:37+05:30 logger.go:67:               [32m+[0m[0m source_resource_instance_id = (known after apply)
TestRunCompleteExample 2026-06-04T21:08:37+05:30 logger.go:67:               [32m+[0m[0m source_resource_type        = (known after apply)
TestRunCompleteExample 2026-06-04T21:08:37+05:30 logger.go:67:               [32m+[0m[0m source_service_account      = (known after apply)
TestRunCompleteExample 2026-06-04T21:08:37+05:30 logger.go:67:               [32m+[0m[0m source_service_name         = (known after apply)
TestRunCompleteExample 2026-06-04T21:08:37+05:30 logger.go:67:               [32m+[0m[0m subject_attributes          = [
TestRunCompleteExample 2026-06-04T21:08:37+05:30 logger.go:67:                   [32m+[0m[0m {
TestRunCompleteExample 2026-06-04T21:08:37+05:30 logger.go:67:                       [32m+[0m[0m name     = "accountId"
TestRunCompleteExample 2026-06-04T21:08:37+05:30 logger.go:67:                       [32m+[0m[0m operator = "stringEquals"
TestRunCompleteExample 2026-06-04T21:08:37+05:30 logger.go:67:                       [32m+[0m[0m value    = "abac0df06b644a9cabc6e44f55b3880e"
TestRunCompleteExample 2026-06-04T21:08:37+05:30 logger.go:67:                     },
TestRunCompleteExample 2026-06-04T21:08:37+05:30 logger.go:67:                   [32m+[0m[0m {
TestRunCompleteExample 2026-06-04T21:08:37+05:30 logger.go:67:                       [32m+[0m[0m name     = "serviceName"
TestRunCompleteExample 2026-06-04T21:08:37+05:30 logger.go:67:                       [32m+[0m[0m operator = "stringEquals"
TestRunCompleteExample 2026-06-04T21:08:37+05:30 logger.go:67:                       [32m+[0m[0m value    = "cloud-object-storage"
TestRunCompleteExample 2026-06-04T21:08:37+05:30 logger.go:67:                     },
TestRunCompleteExample 2026-06-04T21:08:37+05:30 logger.go:67:                 ]
TestRunCompleteExample 2026-06-04T21:08:37+05:30 logger.go:67:               [32m+[0m[0m target_resource_group_id    = (known after apply)
TestRunCompleteExample 2026-06-04T21:08:37+05:30 logger.go:67:               [32m+[0m[0m target_resource_instance_id = (known after apply)
TestRunCompleteExample 2026-06-04T21:08:37+05:30 logger.go:67:               [32m+[0m[0m target_resource_type        = (known after apply)
TestRunCompleteExample 2026-06-04T21:08:37+05:30 logger.go:67:               [32m+[0m[0m target_service_name         = (known after apply)
TestRunCompleteExample 2026-06-04T21:08:37+05:30 logger.go:67:               [32m+[0m[0m transaction_id              = (known after apply)
TestRunCompleteExample 2026-06-04T21:08:37+05:30 logger.go:67:               [32m+[0m[0m version                     = (known after apply)
TestRunCompleteExample 2026-06-04T21:08:37+05:30 logger.go:67:             }
TestRunCompleteExample 2026-06-04T21:08:37+05:30 logger.go:67:           [32m+[0m[0m scenario-resource-attrs = {
TestRunCompleteExample 2026-06-04T21:08:37+05:30 logger.go:67:               [32m+[0m[0m description                 = "Scenario: Static source with dynamic resource - COS instance to KMS account"
TestRunCompleteExample 2026-06-04T21:08:37+05:30 logger.go:67:               [32m+[0m[0m id                          = (known after apply)
TestRunCompleteExample 2026-06-04T21:08:37+05:30 logger.go:67:               [32m+[0m[0m resource_attributes         = [
TestRunCompleteExample 2026-06-04T21:08:37+05:30 logger.go:67:                   [32m+[0m[0m {
TestRunCompleteExample 2026-06-04T21:08:37+05:30 logger.go:67:                       [32m+[0m[0m name     = "accountId"
TestRunCompleteExample 2026-06-04T21:08:37+05:30 logger.go:67:                       [32m+[0m[0m operator = "stringEquals"
TestRunCompleteExample 2026-06-04T21:08:37+05:30 logger.go:67:                       [32m+[0m[0m value    = "abac0df06b644a9cabc6e44f55b3880e"
TestRunCompleteExample 2026-06-04T21:08:37+05:30 logger.go:67:                     },
TestRunCompleteExample 2026-06-04T21:08:37+05:30 logger.go:67:                   [32m+[0m[0m {
TestRunCompleteExample 2026-06-04T21:08:37+05:30 logger.go:67:                       [32m+[0m[0m name     = "serviceName"
TestRunCompleteExample 2026-06-04T21:08:37+05:30 logger.go:67:                       [32m+[0m[0m operator = "stringEquals"
TestRunCompleteExample 2026-06-04T21:08:37+05:30 logger.go:67:                       [32m+[0m[0m value    = "kms"
TestRunCompleteExample 2026-06-04T21:08:37+05:30 logger.go:67:                     },
TestRunCompleteExample 2026-06-04T21:08:37+05:30 logger.go:67:                 ]
TestRunCompleteExample 2026-06-04T21:08:37+05:30 logger.go:67:               [32m+[0m[0m roles                       = [
TestRunCompleteExample 2026-06-04T21:08:37+05:30 logger.go:67:                   [32m+[0m[0m "Reader",
TestRunCompleteExample 2026-06-04T21:08:37+05:30 logger.go:67:                 ]
TestRunCompleteExample 2026-06-04T21:08:37+05:30 logger.go:67:               [32m+[0m[0m source_resource_group_id    = (known after apply)
TestRunCompleteExample 2026-06-04T21:08:37+05:30 logger.go:67:               [32m+[0m[0m source_resource_instance_id = (known after apply)
TestRunCompleteExample 2026-06-04T21:08:37+05:30 logger.go:67:               [32m+[0m[0m source_resource_type        = (known after apply)
TestRunCompleteExample 2026-06-04T21:08:37+05:30 logger.go:67:               [32m+[0m[0m source_service_account      = (known after apply)
TestRunCompleteExample 2026-06-04T21:08:37+05:30 logger.go:67:               [32m+[0m[0m source_service_name         = "cloud-object-storage"
TestRunCompleteExample 2026-06-04T21:08:37+05:30 logger.go:67:               [32m+[0m[0m subject_attributes          = (known after apply)
TestRunCompleteExample 2026-06-04T21:08:37+05:30 logger.go:67:               [32m+[0m[0m target_resource_group_id    = (known after apply)
TestRunCompleteExample 2026-06-04T21:08:37+05:30 logger.go:67:               [32m+[0m[0m target_resource_instance_id = (known after apply)
TestRunCompleteExample 2026-06-04T21:08:37+05:30 logger.go:67:               [32m+[0m[0m target_resource_type        = (known after apply)
TestRunCompleteExample 2026-06-04T21:08:37+05:30 logger.go:67:               [32m+[0m[0m target_service_name         = (known after apply)
TestRunCompleteExample 2026-06-04T21:08:37+05:30 logger.go:67:               [32m+[0m[0m transaction_id              = (known after apply)
TestRunCompleteExample 2026-06-04T21:08:37+05:30 logger.go:67:               [32m+[0m[0m version                     = (known after apply)
TestRunCompleteExample 2026-06-04T21:08:37+05:30 logger.go:67:             }
TestRunCompleteExample 2026-06-04T21:08:37+05:30 logger.go:67:           [32m+[0m[0m scenario-subject-attrs  = {
TestRunCompleteExample 2026-06-04T21:08:37+05:30 logger.go:67:               [32m+[0m[0m description                 = "Scenario: Dynamic subject with static target - COS account to KMS RG"
TestRunCompleteExample 2026-06-04T21:08:37+05:30 logger.go:67:               [32m+[0m[0m id                          = (known after apply)
TestRunCompleteExample 2026-06-04T21:08:37+05:30 logger.go:67:               [32m+[0m[0m resource_attributes         = (known after apply)
TestRunCompleteExample 2026-06-04T21:08:37+05:30 logger.go:67:               [32m+[0m[0m roles                       = [
TestRunCompleteExample 2026-06-04T21:08:37+05:30 logger.go:67:                   [32m+[0m[0m "Reader",
TestRunCompleteExample 2026-06-04T21:08:37+05:30 logger.go:67:                 ]
TestRunCompleteExample 2026-06-04T21:08:37+05:30 logger.go:67:               [32m+[0m[0m source_resource_group_id    = (known after apply)
TestRunCompleteExample 2026-06-04T21:08:37+05:30 logger.go:67:               [32m+[0m[0m source_resource_instance_id = (known after apply)
TestRunCompleteExample 2026-06-04T21:08:37+05:30 logger.go:67:               [32m+[0m[0m source_resource_type        = (known after apply)
TestRunCompleteExample 2026-06-04T21:08:37+05:30 logger.go:67:               [32m+[0m[0m source_service_account      = (known after apply)
TestRunCompleteExample 2026-06-04T21:08:37+05:30 logger.go:67:               [32m+[0m[0m source_service_name         = (known after apply)
TestRunCompleteExample 2026-06-04T21:08:37+05:30 logger.go:67:               [32m+[0m[0m subject_attributes          = [
TestRunCompleteExample 2026-06-04T21:08:37+05:30 logger.go:67:                   [32m+[0m[0m {
TestRunCompleteExample 2026-06-04T21:08:37+05:30 logger.go:67:                       [32m+[0m[0m name     = "accountId"
TestRunCompleteExample 2026-06-04T21:08:37+05:30 logger.go:67:                       [32m+[0m[0m operator = "stringEquals"
TestRunCompleteExample 2026-06-04T21:08:37+05:30 logger.go:67:                       [32m+[0m[0m value    = "abac0df06b644a9cabc6e44f55b3880e"
TestRunCompleteExample 2026-06-04T21:08:37+05:30 logger.go:67:                     },
TestRunCompleteExample 2026-06-04T21:08:37+05:30 logger.go:67:                   [32m+[0m[0m {
TestRunCompleteExample 2026-06-04T21:08:37+05:30 logger.go:67:                       [32m+[0m[0m name     = "serviceName"
TestRunCompleteExample 2026-06-04T21:08:37+05:30 logger.go:67:                       [32m+[0m[0m operator = "stringEquals"
TestRunCompleteExample 2026-06-04T21:08:37+05:30 logger.go:67:                       [32m+[0m[0m value    = "cloud-object-storage"
TestRunCompleteExample 2026-06-04T21:08:37+05:30 logger.go:67:                     },
TestRunCompleteExample 2026-06-04T21:08:37+05:30 logger.go:67:                 ]
TestRunCompleteExample 2026-06-04T21:08:37+05:30 logger.go:67:               [32m+[0m[0m target_resource_group_id    = (known after apply)
TestRunCompleteExample 2026-06-04T21:08:37+05:30 logger.go:67:               [32m+[0m[0m target_resource_instance_id = (known after apply)
TestRunCompleteExample 2026-06-04T21:08:37+05:30 logger.go:67:               [32m+[0m[0m target_resource_type        = (known after apply)
TestRunCompleteExample 2026-06-04T21:08:37+05:30 logger.go:67:               [32m+[0m[0m target_service_name         = "kms"
TestRunCompleteExample 2026-06-04T21:08:37+05:30 logger.go:67:               [32m+[0m[0m transaction_id              = (known after apply)
TestRunCompleteExample 2026-06-04T21:08:37+05:30 logger.go:67:               [32m+[0m[0m version                     = (known after apply)
TestRunCompleteExample 2026-06-04T21:08:37+05:30 logger.go:67:             }
TestRunCompleteExample 2026-06-04T21:08:37+05:30 logger.go:67:           [32m+[0m[0m test-policy-1           = {
TestRunCompleteExample 2026-06-04T21:08:37+05:30 logger.go:67:               [32m+[0m[0m description                 = "This is a test policy locked to 2 instance IDs"
TestRunCompleteExample 2026-06-04T21:08:37+05:30 logger.go:67:               [32m+[0m[0m id                          = (known after apply)
TestRunCompleteExample 2026-06-04T21:08:37+05:30 logger.go:67:               [32m+[0m[0m resource_attributes         = (known after apply)
TestRunCompleteExample 2026-06-04T21:08:37+05:30 logger.go:67:               [32m+[0m[0m roles                       = [
TestRunCompleteExample 2026-06-04T21:08:37+05:30 logger.go:67:                   [32m+[0m[0m "Reader",
TestRunCompleteExample 2026-06-04T21:08:37+05:30 logger.go:67:                 ]
TestRunCompleteExample 2026-06-04T21:08:37+05:30 logger.go:67:               [32m+[0m[0m source_resource_group_id    = (known after apply)
TestRunCompleteExample 2026-06-04T21:08:37+05:30 logger.go:67:               [32m+[0m[0m source_resource_instance_id = (known after apply)
TestRunCompleteExample 2026-06-04T21:08:37+05:30 logger.go:67:               [32m+[0m[0m source_resource_type        = (known after apply)
TestRunCompleteExample 2026-06-04T21:08:37+05:30 logger.go:67:               [32m+[0m[0m source_service_account      = (known after apply)
TestRunCompleteExample 2026-06-04T21:08:37+05:30 logger.go:67:               [32m+[0m[0m source_service_name         = "cloud-object-storage"
TestRunCompleteExample 2026-06-04T21:08:37+05:30 logger.go:67:               [32m+[0m[0m subject_attributes          = (known after apply)
TestRunCompleteExample 2026-06-04T21:08:37+05:30 logger.go:67:               [32m+[0m[0m target_resource_group_id    = (known after apply)
TestRunCompleteExample 2026-06-04T21:08:37+05:30 logger.go:67:               [32m+[0m[0m target_resource_instance_id = (known after apply)
TestRunCompleteExample 2026-06-04T21:08:37+05:30 logger.go:67:               [32m+[0m[0m target_resource_type        = (known after apply)
TestRunCompleteExample 2026-06-04T21:08:37+05:30 logger.go:67:               [32m+[0m[0m target_service_name         = "kms"
TestRunCompleteExample 2026-06-04T21:08:37+05:30 logger.go:67:               [32m+[0m[0m transaction_id              = (known after apply)
TestRunCompleteExample 2026-06-04T21:08:37+05:30 logger.go:67:               [32m+[0m[0m version                     = (known after apply)
TestRunCompleteExample 2026-06-04T21:08:37+05:30 logger.go:67:             }
TestRunCompleteExample 2026-06-04T21:08:37+05:30 logger.go:67:           [32m+[0m[0m test-policy-2           = {
TestRunCompleteExample 2026-06-04T21:08:37+05:30 logger.go:67:               [32m+[0m[0m description                 = "This is a test policy locked to target instance ID"
TestRunCompleteExample 2026-06-04T21:08:37+05:30 logger.go:67:               [32m+[0m[0m id                          = (known after apply)
TestRunCompleteExample 2026-06-04T21:08:37+05:30 logger.go:67:               [32m+[0m[0m resource_attributes         = (known after apply)
TestRunCompleteExample 2026-06-04T21:08:37+05:30 logger.go:67:               [32m+[0m[0m roles                       = [
TestRunCompleteExample 2026-06-04T21:08:37+05:30 logger.go:67:                   [32m+[0m[0m "Reader",
TestRunCompleteExample 2026-06-04T21:08:37+05:30 logger.go:67:                 ]
TestRunCompleteExample 2026-06-04T21:08:37+05:30 logger.go:67:               [32m+[0m[0m source_resource_group_id    = (known after apply)
TestRunCompleteExample 2026-06-04T21:08:37+05:30 logger.go:67:               [32m+[0m[0m source_resource_instance_id = (known after apply)
TestRunCompleteExample 2026-06-04T21:08:37+05:30 logger.go:67:               [32m+[0m[0m source_resource_type        = (known after apply)
TestRunCompleteExample 2026-06-04T21:08:37+05:30 logger.go:67:               [32m+[0m[0m source_service_account      = (known after apply)
TestRunCompleteExample 2026-06-04T21:08:37+05:30 logger.go:67:               [32m+[0m[0m source_service_name         = "cloud-object-storage"
TestRunCompleteExample 2026-06-04T21:08:37+05:30 logger.go:67:               [32m+[0m[0m subject_attributes          = (known after apply)
TestRunCompleteExample 2026-06-04T21:08:37+05:30 logger.go:67:               [32m+[0m[0m target_resource_group_id    = (known after apply)
TestRunCompleteExample 2026-06-04T21:08:37+05:30 logger.go:67:               [32m+[0m[0m target_resource_instance_id = (known after apply)
TestRunCompleteExample 2026-06-04T21:08:37+05:30 logger.go:67:               [32m+[0m[0m target_resource_type        = (known after apply)
TestRunCompleteExample 2026-06-04T21:08:37+05:30 logger.go:67:               [32m+[0m[0m target_service_name         = "kms"
TestRunCompleteExample 2026-06-04T21:08:37+05:30 logger.go:67:               [32m+[0m[0m transaction_id              = (known after apply)
TestRunCompleteExample 2026-06-04T21:08:37+05:30 logger.go:67:               [32m+[0m[0m version                     = (known after apply)
TestRunCompleteExample 2026-06-04T21:08:37+05:30 logger.go:67:             }
TestRunCompleteExample 2026-06-04T21:08:37+05:30 logger.go:67:           [32m+[0m[0m test-policy-3           = {
TestRunCompleteExample 2026-06-04T21:08:37+05:30 logger.go:67:               [32m+[0m[0m description                 = "This is a test policy locked to source instance ID"
TestRunCompleteExample 2026-06-04T21:08:37+05:30 logger.go:67:               [32m+[0m[0m id                          = (known after apply)
TestRunCompleteExample 2026-06-04T21:08:37+05:30 logger.go:67:               [32m+[0m[0m resource_attributes         = (known after apply)
TestRunCompleteExample 2026-06-04T21:08:37+05:30 logger.go:67:               [32m+[0m[0m roles                       = [
TestRunCompleteExample 2026-06-04T21:08:37+05:30 logger.go:67:                   [32m+[0m[0m "Reader",
TestRunCompleteExample 2026-06-04T21:08:37+05:30 logger.go:67:                 ]
TestRunCompleteExample 2026-06-04T21:08:37+05:30 logger.go:67:               [32m+[0m[0m source_resource_group_id    = (known after apply)
TestRunCompleteExample 2026-06-04T21:08:37+05:30 logger.go:67:               [32m+[0m[0m source_resource_instance_id = (known after apply)
TestRunCompleteExample 2026-06-04T21:08:37+05:30 logger.go:67:               [32m+[0m[0m source_resource_type        = (known after apply)
TestRunCompleteExample 2026-06-04T21:08:37+05:30 logger.go:67:               [32m+[0m[0m source_service_account      = (known after apply)
TestRunCompleteExample 2026-06-04T21:08:37+05:30 logger.go:67:               [32m+[0m[0m source_service_name         = "cloud-object-storage"
TestRunCompleteExample 2026-06-04T21:08:37+05:30 logger.go:67:               [32m+[0m[0m subject_attributes          = (known after apply)
TestRunCompleteExample 2026-06-04T21:08:37+05:30 logger.go:67:               [32m+[0m[0m target_resource_group_id    = (known after apply)
TestRunCompleteExample 2026-06-04T21:08:37+05:30 logger.go:67:               [32m+[0m[0m target_resource_instance_id = (known after apply)
TestRunCompleteExample 2026-06-04T21:08:37+05:30 logger.go:67:               [32m+[0m[0m target_resource_type        = (known after apply)
TestRunCompleteExample 2026-06-04T21:08:37+05:30 logger.go:67:               [32m+[0m[0m target_service_name         = "kms"
TestRunCompleteExample 2026-06-04T21:08:37+05:30 logger.go:67:               [32m+[0m[0m transaction_id              = (known after apply)
TestRunCompleteExample 2026-06-04T21:08:37+05:30 logger.go:67:               [32m+[0m[0m version                     = (known after apply)
TestRunCompleteExample 2026-06-04T21:08:37+05:30 logger.go:67:             }
TestRunCompleteExample 2026-06-04T21:08:37+05:30 logger.go:67:         }
TestRunCompleteExample 2026-06-04T21:08:37+05:30 logger.go:67:       [32m+[0m[0m cbr_rules     = [
TestRunCompleteExample 2026-06-04T21:08:37+05:30 logger.go:67:           [32m+[0m[0m {
TestRunCompleteExample 2026-06-04T21:08:37+05:30 logger.go:67:               [32m+[0m[0m rule_crns  = (known after apply)
TestRunCompleteExample 2026-06-04T21:08:37+05:30 logger.go:67:               [32m+[0m[0m rule_hrefs = (known after apply)
TestRunCompleteExample 2026-06-04T21:08:37+05:30 logger.go:67:               [32m+[0m[0m rule_ids   = (known after apply)
TestRunCompleteExample 2026-06-04T21:08:37+05:30 logger.go:67:               [32m+[0m[0m zone_crns  = [
TestRunCompleteExample 2026-06-04T21:08:37+05:30 logger.go:67:                   [32m+[0m[0m (known after apply),
TestRunCompleteExample 2026-06-04T21:08:37+05:30 logger.go:67:                   [32m+[0m[0m (known after apply),
TestRunCompleteExample 2026-06-04T21:08:37+05:30 logger.go:67:                 ]
TestRunCompleteExample 2026-06-04T21:08:37+05:30 logger.go:67:               [32m+[0m[0m zone_hrefs = [
TestRunCompleteExample 2026-06-04T21:08:37+05:30 logger.go:67:                   [32m+[0m[0m (known after apply),
TestRunCompleteExample 2026-06-04T21:08:37+05:30 logger.go:67:                   [32m+[0m[0m (known after apply),
TestRunCompleteExample 2026-06-04T21:08:37+05:30 logger.go:67:                 ]
TestRunCompleteExample 2026-06-04T21:08:37+05:30 logger.go:67:               [32m+[0m[0m zone_ids   = [
TestRunCompleteExample 2026-06-04T21:08:37+05:30 logger.go:67:                   [32m+[0m[0m (known after apply),
TestRunCompleteExample 2026-06-04T21:08:37+05:30 logger.go:67:                   [32m+[0m[0m (known after apply),
TestRunCompleteExample 2026-06-04T21:08:37+05:30 logger.go:67:                 ]
TestRunCompleteExample 2026-06-04T21:08:37+05:30 logger.go:67:             },
TestRunCompleteExample 2026-06-04T21:08:37+05:30 logger.go:67:         ]
TestRunCompleteExample 2026-06-04T21:08:37+05:30 logger.go:67:     }
TestRunCompleteExample 2026-06-04T21:08:37+05:30 logger.go:67: [0m[1mmodule.cos_instance.random_string.bucket_name_suffix[0]: Creating...[0m[0m
TestRunCompleteExample 2026-06-04T21:08:37+05:30 logger.go:67: [0m[1mmodule.cos_instance.random_string.bucket_name_suffix[0]: Creation complete after 0s [id=tgao][0m
TestRunCompleteExample 2026-06-04T21:08:38+05:30 logger.go:67: [0m[1mmodule.resource_group.ibm_resource_group.resource_group[0]: Creating...[0m[0m
TestRunCompleteExample 2026-06-04T21:08:42+05:30 logger.go:67: [0m[1mmodule.resource_group.ibm_resource_group.resource_group[0]: Creation complete after 4s [id=f8bb0fc2a066425b8858d9767136bfa2][0m
TestRunCompleteExample 2026-06-04T21:08:42+05:30 logger.go:67: [0m[1mmodule.key_protect_instance.ibm_resource_instance.key_protect_instance: Creating...[0m[0m
TestRunCompleteExample 2026-06-04T21:08:42+05:30 logger.go:67: [0m[1mmodule.cos_instance.ibm_resource_instance.cos_instance[0]: Creating...[0m[0m
TestRunCompleteExample 2026-06-04T21:08:42+05:30 logger.go:67: [0m[1mibm_is_vpc.vpc_instance: Creating...[0m[0m
TestRunCompleteExample 2026-06-04T21:08:52+05:30 logger.go:67: [0m[1mmodule.key_protect_instance.ibm_resource_instance.key_protect_instance: Still creating... [10s elapsed][0m[0m
TestRunCompleteExample 2026-06-04T21:08:52+05:30 logger.go:67: [0m[1mmodule.cos_instance.ibm_resource_instance.cos_instance[0]: Still creating... [10s elapsed][0m[0m
TestRunCompleteExample 2026-06-04T21:08:52+05:30 logger.go:67: [0m[1mibm_is_vpc.vpc_instance: Still creating... [10s elapsed][0m[0m
TestRunCompleteExample 2026-06-04T21:08:59+05:30 logger.go:67: [0m[1mmodule.key_protect_instance.ibm_resource_instance.key_protect_instance: Creation complete after 18s [id=crn:v1:bluemix:public:kms:jp-tok:a/abac0df06b644a9cabc6e44f55b3880e:10ef879d-9f28-4414-ad97-f51435fe32f0::][0m
TestRunCompleteExample 2026-06-04T21:08:59+05:30 logger.go:67: [0m[1mmodule.key_protect_instance.ibm_kms_instance_policies.key_protect_instance_policies: Creating...[0m[0m
TestRunCompleteExample 2026-06-04T21:08:59+05:30 logger.go:67: [0m[1mmodule.cos_instance.ibm_resource_instance.cos_instance[0]: Creation complete after 18s [id=crn:v1:bluemix:public:cloud-object-storage:global:a/abac0df06b644a9cabc6e44f55b3880e:95b1d86c-6799-4c05-a0d4-72397a294cb6::][0m
TestRunCompleteExample 2026-06-04T21:08:59+05:30 logger.go:67: [0m[1mmodule.cos_instance.data.ibm_resource_instance.cos_instance: Reading...[0m[0m
TestRunCompleteExample 2026-06-04T21:09:01+05:30 logger.go:67: [0m[1mmodule.cos_instance.data.ibm_resource_instance.cos_instance: Read complete after 1s [id=crn:v1:bluemix:public:cloud-object-storage:global:a/abac0df06b644a9cabc6e44f55b3880e:95b1d86c-6799-4c05-a0d4-72397a294cb6::][0m
TestRunCompleteExample 2026-06-04T21:09:01+05:30 logger.go:67: [0m[1mmodule.service_auth_cbr_rules.ibm_iam_authorization_policy.auth_policies["test-policy-1"]: Creating...[0m[0m
TestRunCompleteExample 2026-06-04T21:09:01+05:30 logger.go:67: [0m[1mmodule.service_auth_cbr_rules.ibm_iam_authorization_policy.auth_policies["test-policy-2"]: Creating...[0m[0m
TestRunCompleteExample 2026-06-04T21:09:01+05:30 logger.go:67: [0m[1mmodule.cos_instance.ibm_cos_bucket.cos_bucket[0]: Creating...[0m[0m
TestRunCompleteExample 2026-06-04T21:09:01+05:30 logger.go:67: [0m[1mmodule.service_auth_cbr_rules.ibm_iam_authorization_policy.auth_policies["test-policy-3"]: Creating...[0m[0m
TestRunCompleteExample 2026-06-04T21:09:01+05:30 logger.go:67: [0m[1mmodule.service_auth_cbr_rules.ibm_iam_authorization_policy.auth_policies["scenario-resource-attrs"]: Creating...[0m[0m
TestRunCompleteExample 2026-06-04T21:09:01+05:30 logger.go:67: [0m[1mmodule.service_auth_cbr_rules.ibm_iam_authorization_policy.auth_policies["scenario-subject-attrs"]: Creating...[0m[0m
TestRunCompleteExample 2026-06-04T21:09:01+05:30 logger.go:67: [0m[1mmodule.service_auth_cbr_rules.ibm_iam_authorization_policy.auth_policies["scenario-both-attrs"]: Creating...[0m[0m
TestRunCompleteExample 2026-06-04T21:09:02+05:30 logger.go:67: [0m[1mibm_is_vpc.vpc_instance: Still creating... [20s elapsed][0m[0m
TestRunCompleteExample 2026-06-04T21:09:02+05:30 logger.go:67: [0m[1mmodule.key_protect_instance.ibm_kms_instance_policies.key_protect_instance_policies: Creation complete after 3s [id=crn:v1:bluemix:public:kms:jp-tok:a/abac0df06b644a9cabc6e44f55b3880e:10ef879d-9f28-4414-ad97-f51435fe32f0::][0m
TestRunCompleteExample 2026-06-04T21:09:04+05:30 logger.go:67: [0m[1mmodule.service_auth_cbr_rules.ibm_iam_authorization_policy.auth_policies["test-policy-3"]: Creation complete after 4s [id=2db5884c-f47f-4083-9689-eec13240bdef][0m
TestRunCompleteExample 2026-06-04T21:09:05+05:30 logger.go:67: [0m[1mmodule.service_auth_cbr_rules.ibm_iam_authorization_policy.auth_policies["scenario-subject-attrs"]: Creation complete after 4s [id=81a95161-3637-47c3-a5b2-e54804404779][0m
TestRunCompleteExample 2026-06-04T21:09:05+05:30 logger.go:67: [0m[1mmodule.service_auth_cbr_rules.ibm_iam_authorization_policy.auth_policies["scenario-resource-attrs"]: Creation complete after 4s [id=d649381e-6b45-4a1b-9b83-c936cbb0f521][0m
TestRunCompleteExample 2026-06-04T21:09:05+05:30 logger.go:67: [0m[1mmodule.service_auth_cbr_rules.ibm_iam_authorization_policy.auth_policies["scenario-both-attrs"]: Creation complete after 5s [id=951d6ff4-a347-45a6-9b60-909eff8ffdc9][0m
TestRunCompleteExample 2026-06-04T21:09:05+05:30 logger.go:67: [0m[1mmodule.service_auth_cbr_rules.ibm_iam_authorization_policy.auth_policies["test-policy-2"]: Creation complete after 5s [id=ef84b8de-4737-4d92-8295-162f74e2ba0b][0m
TestRunCompleteExample 2026-06-04T21:09:06+05:30 logger.go:67: [0m[1mmodule.service_auth_cbr_rules.ibm_iam_authorization_policy.auth_policies["test-policy-1"]: Creation complete after 6s [id=b5e65a9f-4b5e-4122-9dfa-f0193babd1af][0m
TestRunCompleteExample 2026-06-04T21:09:09+05:30 logger.go:67: [0m[1mmodule.cos_instance.ibm_cos_bucket.cos_bucket[0]: Creation complete after 9s [id=crn:v1:bluemix:public:cloud-object-storage:global:a/abac0df06b644a9cabc6e44f55b3880e:95b1d86c-6799-4c05-a0d4-72397a294cb6:bucket:s2s-z7e-cos-bucket-tgao:meta:rl:us-south:public][0m
TestRunCompleteExample 2026-06-04T21:09:12+05:30 logger.go:67: [0m[1mibm_is_vpc.vpc_instance: Still creating... [30s elapsed][0m[0m
TestRunCompleteExample 2026-06-04T21:09:13+05:30 logger.go:67: [0m[1mibm_is_vpc.vpc_instance: Creation complete after 30s [id=r022-ddac58d2-c1f5-4275-a420-a370f6b690a6][0m
TestRunCompleteExample 2026-06-04T21:09:13+05:30 logger.go:67: [0m[1mmodule.service_auth_cbr_rules.module.cbr_rules[0].module.cbr_zone[0].ibm_cbr_zone.cbr_zone[0]: Creating...[0m[0m
TestRunCompleteExample 2026-06-04T21:09:13+05:30 logger.go:67: [0m[1mmodule.service_auth_cbr_rules.module.cbr_rules[0].module.cbr_zone[1].ibm_cbr_zone.cbr_zone[0]: Creating...[0m[0m
TestRunCompleteExample 2026-06-04T21:09:14+05:30 logger.go:67: [0m[1mmodule.service_auth_cbr_rules.module.cbr_rules[0].module.cbr_zone[1].ibm_cbr_zone.cbr_zone[0]: Creation complete after 1s [id=b08d21d7606165f6683ab1125d0eaed0][0m
TestRunCompleteExample 2026-06-04T21:09:14+05:30 logger.go:67: [0m[1mmodule.service_auth_cbr_rules.module.cbr_rules[0].module.cbr_zone[0].ibm_cbr_zone.cbr_zone[0]: Creation complete after 2s [id=9f8e789754e377595b9a978b2a7fa8b4][0m
TestRunCompleteExample 2026-06-04T21:09:14+05:30 logger.go:67: [0m[1mmodule.service_auth_cbr_rules.module.cbr_rules[0].module.cbr_rule[0].ibm_cbr_rule.cbr_rule: Creating...[0m[0m
TestRunCompleteExample 2026-06-04T21:09:15+05:30 logger.go:67: [0m[1mmodule.service_auth_cbr_rules.module.cbr_rules[0].module.cbr_rule[0].ibm_cbr_rule.cbr_rule: Creation complete after 0s [id=454687a11c8b26961cdbf52e617663fa][0m
TestRunCompleteExample 2026-06-04T21:09:15+05:30 logger.go:67: [0m[1m[32m
TestRunCompleteExample 2026-06-04T21:09:15+05:30 logger.go:67: Apply complete! Resources: 16 added, 0 changed, 0 destroyed.
TestRunCompleteExample 2026-06-04T21:09:15+05:30 logger.go:67: [0m[0m[1m[32m
TestRunCompleteExample 2026-06-04T21:09:15+05:30 logger.go:67: Outputs:
TestRunCompleteExample 2026-06-04T21:09:15+05:30 logger.go:67: 
TestRunCompleteExample 2026-06-04T21:09:15+05:30 logger.go:67: [0mcos_instance = "f8bb0fc2a066425b8858d9767136bfa2"
TestRunCompleteExample 2026-06-04T21:09:15+05:30 logger.go:67: key_protect_instance_guid = "10ef879d-9f28-4414-ad97-f51435fe32f0"
TestRunCompleteExample 2026-06-04T21:09:15+05:30 logger.go:67: service_auth_cbr_rules = {
TestRunCompleteExample 2026-06-04T21:09:15+05:30 logger.go:67:   "auth_policies" = {
TestRunCompleteExample 2026-06-04T21:09:15+05:30 logger.go:67:     "scenario-both-attrs" = {
TestRunCompleteExample 2026-06-04T21:09:15+05:30 logger.go:67:       "description" = "Scenario: Both dynamic attributes - COS account to KMS keys"
TestRunCompleteExample 2026-06-04T21:09:15+05:30 logger.go:67:       "id" = "951d6ff4-a347-45a6-9b60-909eff8ffdc9"
TestRunCompleteExample 2026-06-04T21:09:15+05:30 logger.go:67:       "resource_attributes" = toset([
TestRunCompleteExample 2026-06-04T21:09:15+05:30 logger.go:67:         {
TestRunCompleteExample 2026-06-04T21:09:15+05:30 logger.go:67:           "name" = "accountId"
TestRunCompleteExample 2026-06-04T21:09:15+05:30 logger.go:67:           "operator" = "stringEquals"
TestRunCompleteExample 2026-06-04T21:09:15+05:30 logger.go:67:           "value" = "abac0df06b644a9cabc6e44f55b3880e"
TestRunCompleteExample 2026-06-04T21:09:15+05:30 logger.go:67:         },
TestRunCompleteExample 2026-06-04T21:09:15+05:30 logger.go:67:         {
TestRunCompleteExample 2026-06-04T21:09:15+05:30 logger.go:67:           "name" = "resourceType"
TestRunCompleteExample 2026-06-04T21:09:15+05:30 logger.go:67:           "operator" = "stringEquals"
TestRunCompleteExample 2026-06-04T21:09:15+05:30 logger.go:67:           "value" = "key"
TestRunCompleteExample 2026-06-04T21:09:15+05:30 logger.go:67:         },
TestRunCompleteExample 2026-06-04T21:09:15+05:30 logger.go:67:         {
TestRunCompleteExample 2026-06-04T21:09:15+05:30 logger.go:67:           "name" = "serviceName"
TestRunCompleteExample 2026-06-04T21:09:15+05:30 logger.go:67:           "operator" = "stringEquals"
TestRunCompleteExample 2026-06-04T21:09:15+05:30 logger.go:67:           "value" = "kms"
TestRunCompleteExample 2026-06-04T21:09:15+05:30 logger.go:67:         },
TestRunCompleteExample 2026-06-04T21:09:15+05:30 logger.go:67:       ])
TestRunCompleteExample 2026-06-04T21:09:15+05:30 logger.go:67:       "roles" = tolist([
TestRunCompleteExample 2026-06-04T21:09:15+05:30 logger.go:67:         "Reader",
TestRunCompleteExample 2026-06-04T21:09:15+05:30 logger.go:67:       ])
TestRunCompleteExample 2026-06-04T21:09:15+05:30 logger.go:67:       "source_resource_group_id" = ""
TestRunCompleteExample 2026-06-04T21:09:15+05:30 logger.go:67:       "source_resource_instance_id" = ""
TestRunCompleteExample 2026-06-04T21:09:15+05:30 logger.go:67:       "source_resource_type" = ""
TestRunCompleteExample 2026-06-04T21:09:15+05:30 logger.go:67:       "source_service_account" = "abac0df06b644a9cabc6e44f55b3880e"
TestRunCompleteExample 2026-06-04T21:09:15+05:30 logger.go:67:       "source_service_name" = "cloud-object-storage"
TestRunCompleteExample 2026-06-04T21:09:15+05:30 logger.go:67:       "subject_attributes" = toset([
TestRunCompleteExample 2026-06-04T21:09:15+05:30 logger.go:67:         {
TestRunCompleteExample 2026-06-04T21:09:15+05:30 logger.go:67:           "name" = "accountId"
TestRunCompleteExample 2026-06-04T21:09:15+05:30 logger.go:67:           "operator" = "stringEquals"
TestRunCompleteExample 2026-06-04T21:09:15+05:30 logger.go:67:           "value" = "abac0df06b644a9cabc6e44f55b3880e"
TestRunCompleteExample 2026-06-04T21:09:15+05:30 logger.go:67:         },
TestRunCompleteExample 2026-06-04T21:09:15+05:30 logger.go:67:         {
TestRunCompleteExample 2026-06-04T21:09:15+05:30 logger.go:67:           "name" = "serviceName"
TestRunCompleteExample 2026-06-04T21:09:15+05:30 logger.go:67:           "operator" = "stringEquals"
TestRunCompleteExample 2026-06-04T21:09:15+05:30 logger.go:67:           "value" = "cloud-object-storage"
TestRunCompleteExample 2026-06-04T21:09:15+05:30 logger.go:67:         },
TestRunCompleteExample 2026-06-04T21:09:15+05:30 logger.go:67:       ])
TestRunCompleteExample 2026-06-04T21:09:15+05:30 logger.go:67:       "target_resource_group_id" = ""
TestRunCompleteExample 2026-06-04T21:09:15+05:30 logger.go:67:       "target_resource_instance_id" = ""
TestRunCompleteExample 2026-06-04T21:09:15+05:30 logger.go:67:       "target_resource_type" = "key"
TestRunCompleteExample 2026-06-04T21:09:15+05:30 logger.go:67:       "target_service_name" = "kms"
TestRunCompleteExample 2026-06-04T21:09:15+05:30 logger.go:67:       "transaction_id" = "87b645b2cfb74fd085d7b4b82e7dbd47"
TestRunCompleteExample 2026-06-04T21:09:15+05:30 logger.go:67:       "version" = tostring(null)
TestRunCompleteExample 2026-06-04T21:09:15+05:30 logger.go:67:     }
TestRunCompleteExample 2026-06-04T21:09:15+05:30 logger.go:67:     "scenario-resource-attrs" = {
TestRunCompleteExample 2026-06-04T21:09:15+05:30 logger.go:67:       "description" = "Scenario: Static source with dynamic resource - COS instance to KMS account"
TestRunCompleteExample 2026-06-04T21:09:15+05:30 logger.go:67:       "id" = "d649381e-6b45-4a1b-9b83-c936cbb0f521"
TestRunCompleteExample 2026-06-04T21:09:15+05:30 logger.go:67:       "resource_attributes" = toset([
TestRunCompleteExample 2026-06-04T21:09:15+05:30 logger.go:67:         {
TestRunCompleteExample 2026-06-04T21:09:15+05:30 logger.go:67:           "name" = "accountId"
TestRunCompleteExample 2026-06-04T21:09:15+05:30 logger.go:67:           "operator" = "stringEquals"
TestRunCompleteExample 2026-06-04T21:09:15+05:30 logger.go:67:           "value" = "abac0df06b644a9cabc6e44f55b3880e"
TestRunCompleteExample 2026-06-04T21:09:15+05:30 logger.go:67:         },
TestRunCompleteExample 2026-06-04T21:09:15+05:30 logger.go:67:         {
TestRunCompleteExample 2026-06-04T21:09:15+05:30 logger.go:67:           "name" = "serviceName"
TestRunCompleteExample 2026-06-04T21:09:15+05:30 logger.go:67:           "operator" = "stringEquals"
TestRunCompleteExample 2026-06-04T21:09:15+05:30 logger.go:67:           "value" = "kms"
TestRunCompleteExample 2026-06-04T21:09:15+05:30 logger.go:67:         },
TestRunCompleteExample 2026-06-04T21:09:15+05:30 logger.go:67:       ])
TestRunCompleteExample 2026-06-04T21:09:15+05:30 logger.go:67:       "roles" = tolist([
TestRunCompleteExample 2026-06-04T21:09:15+05:30 logger.go:67:         "Reader",
TestRunCompleteExample 2026-06-04T21:09:15+05:30 logger.go:67:       ])
TestRunCompleteExample 2026-06-04T21:09:15+05:30 logger.go:67:       "source_resource_group_id" = ""
TestRunCompleteExample 2026-06-04T21:09:15+05:30 logger.go:67:       "source_resource_instance_id" = "95b1d86c-6799-4c05-a0d4-72397a294cb6"
TestRunCompleteExample 2026-06-04T21:09:15+05:30 logger.go:67:       "source_resource_type" = ""
TestRunCompleteExample 2026-06-04T21:09:15+05:30 logger.go:67:       "source_service_account" = "abac0df06b644a9cabc6e44f55b3880e"
TestRunCompleteExample 2026-06-04T21:09:15+05:30 logger.go:67:       "source_service_name" = "cloud-object-storage"
TestRunCompleteExample 2026-06-04T21:09:15+05:30 logger.go:67:       "subject_attributes" = toset([])
TestRunCompleteExample 2026-06-04T21:09:15+05:30 logger.go:67:       "target_resource_group_id" = ""
TestRunCompleteExample 2026-06-04T21:09:15+05:30 logger.go:67:       "target_resource_instance_id" = ""
TestRunCompleteExample 2026-06-04T21:09:15+05:30 logger.go:67:       "target_resource_type" = ""
TestRunCompleteExample 2026-06-04T21:09:15+05:30 logger.go:67:       "target_service_name" = "kms"
TestRunCompleteExample 2026-06-04T21:09:15+05:30 logger.go:67:       "transaction_id" = "9daa0d17796a4e2783a7cad220aea043"
TestRunCompleteExample 2026-06-04T21:09:15+05:30 logger.go:67:       "version" = tostring(null)
TestRunCompleteExample 2026-06-04T21:09:15+05:30 logger.go:67:     }
TestRunCompleteExample 2026-06-04T21:09:15+05:30 logger.go:67:     "scenario-subject-attrs" = {
TestRunCompleteExample 2026-06-04T21:09:15+05:30 logger.go:67:       "description" = "Scenario: Dynamic subject with static target - COS account to KMS RG"
TestRunCompleteExample 2026-06-04T21:09:15+05:30 logger.go:67:       "id" = "81a95161-3637-47c3-a5b2-e54804404779"
TestRunCompleteExample 2026-06-04T21:09:15+05:30 logger.go:67:       "resource_attributes" = toset([
TestRunCompleteExample 2026-06-04T21:09:15+05:30 logger.go:67:         {
TestRunCompleteExample 2026-06-04T21:09:15+05:30 logger.go:67:           "name" = "accountId"
TestRunCompleteExample 2026-06-04T21:09:15+05:30 logger.go:67:           "operator" = "stringEquals"
TestRunCompleteExample 2026-06-04T21:09:15+05:30 logger.go:67:           "value" = "abac0df06b644a9cabc6e44f55b3880e"
TestRunCompleteExample 2026-06-04T21:09:15+05:30 logger.go:67:         },
TestRunCompleteExample 2026-06-04T21:09:15+05:30 logger.go:67:         {
TestRunCompleteExample 2026-06-04T21:09:15+05:30 logger.go:67:           "name" = "resourceGroupId"
TestRunCompleteExample 2026-06-04T21:09:15+05:30 logger.go:67:           "operator" = "stringEquals"
TestRunCompleteExample 2026-06-04T21:09:15+05:30 logger.go:67:           "value" = "f8bb0fc2a066425b8858d9767136bfa2"
TestRunCompleteExample 2026-06-04T21:09:15+05:30 logger.go:67:         },
TestRunCompleteExample 2026-06-04T21:09:15+05:30 logger.go:67:         {
TestRunCompleteExample 2026-06-04T21:09:15+05:30 logger.go:67:           "name" = "serviceName"
TestRunCompleteExample 2026-06-04T21:09:15+05:30 logger.go:67:           "operator" = "stringEquals"
TestRunCompleteExample 2026-06-04T21:09:15+05:30 logger.go:67:           "value" = "kms"
TestRunCompleteExample 2026-06-04T21:09:15+05:30 logger.go:67:         },
TestRunCompleteExample 2026-06-04T21:09:15+05:30 logger.go:67:       ])
TestRunCompleteExample 2026-06-04T21:09:15+05:30 logger.go:67:       "roles" = tolist([
TestRunCompleteExample 2026-06-04T21:09:15+05:30 logger.go:67:         "Reader",
TestRunCompleteExample 2026-06-04T21:09:15+05:30 logger.go:67:       ])
TestRunCompleteExample 2026-06-04T21:09:15+05:30 logger.go:67:       "source_resource_group_id" = ""
TestRunCompleteExample 2026-06-04T21:09:15+05:30 logger.go:67:       "source_resource_instance_id" = ""
TestRunCompleteExample 2026-06-04T21:09:15+05:30 logger.go:67:       "source_resource_type" = ""
TestRunCompleteExample 2026-06-04T21:09:15+05:30 logger.go:67:       "source_service_account" = "abac0df06b644a9cabc6e44f55b3880e"
TestRunCompleteExample 2026-06-04T21:09:15+05:30 logger.go:67:       "source_service_name" = "cloud-object-storage"
TestRunCompleteExample 2026-06-04T21:09:15+05:30 logger.go:67:       "subject_attributes" = toset([
TestRunCompleteExample 2026-06-04T21:09:15+05:30 logger.go:67:         {
TestRunCompleteExample 2026-06-04T21:09:15+05:30 logger.go:67:           "name" = "accountId"
TestRunCompleteExample 2026-06-04T21:09:15+05:30 logger.go:67:           "operator" = "stringEquals"
TestRunCompleteExample 2026-06-04T21:09:15+05:30 logger.go:67:           "value" = "abac0df06b644a9cabc6e44f55b3880e"
TestRunCompleteExample 2026-06-04T21:09:15+05:30 logger.go:67:         },
TestRunCompleteExample 2026-06-04T21:09:15+05:30 logger.go:67:         {
TestRunCompleteExample 2026-06-04T21:09:15+05:30 logger.go:67:           "name" = "serviceName"
TestRunCompleteExample 2026-06-04T21:09:15+05:30 logger.go:67:           "operator" = "stringEquals"
TestRunCompleteExample 2026-06-04T21:09:15+05:30 logger.go:67:           "value" = "cloud-object-storage"
TestRunCompleteExample 2026-06-04T21:09:15+05:30 logger.go:67:         },
TestRunCompleteExample 2026-06-04T21:09:15+05:30 logger.go:67:       ])
TestRunCompleteExample 2026-06-04T21:09:15+05:30 logger.go:67:       "target_resource_group_id" = "f8bb0fc2a066425b8858d9767136bfa2"
TestRunCompleteExample 2026-06-04T21:09:15+05:30 logger.go:67:       "target_resource_instance_id" = ""
TestRunCompleteExample 2026-06-04T21:09:15+05:30 logger.go:67:       "target_resource_type" = ""
TestRunCompleteExample 2026-06-04T21:09:15+05:30 logger.go:67:       "target_service_name" = "kms"
TestRunCompleteExample 2026-06-04T21:09:15+05:30 logger.go:67:       "transaction_id" = "60c0a258d9af4ee886d313eb0ac5e721"
TestRunCompleteExample 2026-06-04T21:09:15+05:30 logger.go:67:       "version" = tostring(null)
TestRunCompleteExample 2026-06-04T21:09:15+05:30 logger.go:67:     }
TestRunCompleteExample 2026-06-04T21:09:15+05:30 logger.go:67:     "test-policy-1" = {
TestRunCompleteExample 2026-06-04T21:09:15+05:30 logger.go:67:       "description" = "This is a test policy locked to 2 instance IDs"
TestRunCompleteExample 2026-06-04T21:09:15+05:30 logger.go:67:       "id" = "b5e65a9f-4b5e-4122-9dfa-f0193babd1af"
TestRunCompleteExample 2026-06-04T21:09:15+05:30 logger.go:67:       "resource_attributes" = toset([
TestRunCompleteExample 2026-06-04T21:09:15+05:30 logger.go:67:         {
TestRunCompleteExample 2026-06-04T21:09:15+05:30 logger.go:67:           "name" = "accountId"
TestRunCompleteExample 2026-06-04T21:09:15+05:30 logger.go:67:           "operator" = "stringEquals"
TestRunCompleteExample 2026-06-04T21:09:15+05:30 logger.go:67:           "value" = "abac0df06b644a9cabc6e44f55b3880e"
TestRunCompleteExample 2026-06-04T21:09:15+05:30 logger.go:67:         },
TestRunCompleteExample 2026-06-04T21:09:15+05:30 logger.go:67:         {
TestRunCompleteExample 2026-06-04T21:09:15+05:30 logger.go:67:           "name" = "serviceInstance"
TestRunCompleteExample 2026-06-04T21:09:15+05:30 logger.go:67:           "operator" = "stringEquals"
TestRunCompleteExample 2026-06-04T21:09:15+05:30 logger.go:67:           "value" = "10ef879d-9f28-4414-ad97-f51435fe32f0"
TestRunCompleteExample 2026-06-04T21:09:15+05:30 logger.go:67:         },
TestRunCompleteExample 2026-06-04T21:09:15+05:30 logger.go:67:         {
TestRunCompleteExample 2026-06-04T21:09:15+05:30 logger.go:67:           "name" = "serviceName"
TestRunCompleteExample 2026-06-04T21:09:15+05:30 logger.go:67:           "operator" = "stringEquals"
TestRunCompleteExample 2026-06-04T21:09:15+05:30 logger.go:67:           "value" = "kms"
TestRunCompleteExample 2026-06-04T21:09:15+05:30 logger.go:67:         },
TestRunCompleteExample 2026-06-04T21:09:15+05:30 logger.go:67:       ])
TestRunCompleteExample 2026-06-04T21:09:15+05:30 logger.go:67:       "roles" = tolist([
TestRunCompleteExample 2026-06-04T21:09:15+05:30 logger.go:67:         "Reader",
TestRunCompleteExample 2026-06-04T21:09:15+05:30 logger.go:67:       ])
TestRunCompleteExample 2026-06-04T21:09:15+05:30 logger.go:67:       "source_resource_group_id" = ""
TestRunCompleteExample 2026-06-04T21:09:15+05:30 logger.go:67:       "source_resource_instance_id" = "95b1d86c-6799-4c05-a0d4-72397a294cb6"
TestRunCompleteExample 2026-06-04T21:09:15+05:30 logger.go:67:       "source_resource_type" = ""
TestRunCompleteExample 2026-06-04T21:09:15+05:30 logger.go:67:       "source_service_account" = "abac0df06b644a9cabc6e44f55b3880e"
TestRunCompleteExample 2026-06-04T21:09:15+05:30 logger.go:67:       "source_service_name" = "cloud-object-storage"
TestRunCompleteExample 2026-06-04T21:09:15+05:30 logger.go:67:       "subject_attributes" = toset([])
TestRunCompleteExample 2026-06-04T21:09:15+05:30 logger.go:67:       "target_resource_group_id" = ""
TestRunCompleteExample 2026-06-04T21:09:15+05:30 logger.go:67:       "target_resource_instance_id" = "10ef879d-9f28-4414-ad97-f51435fe32f0"
TestRunCompleteExample 2026-06-04T21:09:15+05:30 logger.go:67:       "target_resource_type" = ""
TestRunCompleteExample 2026-06-04T21:09:15+05:30 logger.go:67:       "target_service_name" = "kms"
TestRunCompleteExample 2026-06-04T21:09:15+05:30 logger.go:67:       "transaction_id" = "eed31b216d60463691cea4e69322f984"
TestRunCompleteExample 2026-06-04T21:09:15+05:30 logger.go:67:       "version" = tostring(null)
TestRunCompleteExample 2026-06-04T21:09:15+05:30 logger.go:67:     }
TestRunCompleteExample 2026-06-04T21:09:15+05:30 logger.go:67:     "test-policy-2" = {
TestRunCompleteExample 2026-06-04T21:09:15+05:30 logger.go:67:       "description" = "This is a test policy locked to target instance ID"
TestRunCompleteExample 2026-06-04T21:09:15+05:30 logger.go:67:       "id" = "ef84b8de-4737-4d92-8295-162f74e2ba0b"
TestRunCompleteExample 2026-06-04T21:09:15+05:30 logger.go:67:       "resource_attributes" = toset([
TestRunCompleteExample 2026-06-04T21:09:15+05:30 logger.go:67:         {
TestRunCompleteExample 2026-06-04T21:09:15+05:30 logger.go:67:           "name" = "accountId"
TestRunCompleteExample 2026-06-04T21:09:15+05:30 logger.go:67:           "operator" = "stringEquals"
TestRunCompleteExample 2026-06-04T21:09:15+05:30 logger.go:67:           "value" = "abac0df06b644a9cabc6e44f55b3880e"
TestRunCompleteExample 2026-06-04T21:09:15+05:30 logger.go:67:         },
TestRunCompleteExample 2026-06-04T21:09:15+05:30 logger.go:67:         {
TestRunCompleteExample 2026-06-04T21:09:15+05:30 logger.go:67:           "name" = "serviceInstance"
TestRunCompleteExample 2026-06-04T21:09:15+05:30 logger.go:67:           "operator" = "stringEquals"
TestRunCompleteExample 2026-06-04T21:09:15+05:30 logger.go:67:           "value" = "10ef879d-9f28-4414-ad97-f51435fe32f0"
TestRunCompleteExample 2026-06-04T21:09:15+05:30 logger.go:67:         },
TestRunCompleteExample 2026-06-04T21:09:15+05:30 logger.go:67:         {
TestRunCompleteExample 2026-06-04T21:09:15+05:30 logger.go:67:           "name" = "serviceName"
TestRunCompleteExample 2026-06-04T21:09:15+05:30 logger.go:67:           "operator" = "stringEquals"
TestRunCompleteExample 2026-06-04T21:09:15+05:30 logger.go:67:           "value" = "kms"
TestRunCompleteExample 2026-06-04T21:09:15+05:30 logger.go:67:         },
TestRunCompleteExample 2026-06-04T21:09:15+05:30 logger.go:67:       ])
TestRunCompleteExample 2026-06-04T21:09:15+05:30 logger.go:67:       "roles" = tolist([
TestRunCompleteExample 2026-06-04T21:09:15+05:30 logger.go:67:         "Reader",
TestRunCompleteExample 2026-06-04T21:09:15+05:30 logger.go:67:       ])
TestRunCompleteExample 2026-06-04T21:09:15+05:30 logger.go:67:       "source_resource_group_id" = "f8bb0fc2a066425b8858d9767136bfa2"
TestRunCompleteExample 2026-06-04T21:09:15+05:30 logger.go:67:       "source_resource_instance_id" = ""
TestRunCompleteExample 2026-06-04T21:09:15+05:30 logger.go:67:       "source_resource_type" = ""
TestRunCompleteExample 2026-06-04T21:09:15+05:30 logger.go:67:       "source_service_account" = "abac0df06b644a9cabc6e44f55b3880e"
TestRunCompleteExample 2026-06-04T21:09:15+05:30 logger.go:67:       "source_service_name" = "cloud-object-storage"
TestRunCompleteExample 2026-06-04T21:09:15+05:30 logger.go:67:       "subject_attributes" = toset([])
TestRunCompleteExample 2026-06-04T21:09:15+05:30 logger.go:67:       "target_resource_group_id" = ""
TestRunCompleteExample 2026-06-04T21:09:15+05:30 logger.go:67:       "target_resource_instance_id" = "10ef879d-9f28-4414-ad97-f51435fe32f0"
TestRunCompleteExample 2026-06-04T21:09:15+05:30 logger.go:67:       "target_resource_type" = ""
TestRunCompleteExample 2026-06-04T21:09:15+05:30 logger.go:67:       "target_service_name" = "kms"
TestRunCompleteExample 2026-06-04T21:09:15+05:30 logger.go:67:       "transaction_id" = "6de373f3833d46b4bb6d3027a99117dd"
TestRunCompleteExample 2026-06-04T21:09:15+05:30 logger.go:67:       "version" = tostring(null)
TestRunCompleteExample 2026-06-04T21:09:15+05:30 logger.go:67:     }
TestRunCompleteExample 2026-06-04T21:09:15+05:30 logger.go:67:     "test-policy-3" = {
TestRunCompleteExample 2026-06-04T21:09:15+05:30 logger.go:67:       "description" = "This is a test policy locked to source instance ID"
TestRunCompleteExample 2026-06-04T21:09:15+05:30 logger.go:67:       "id" = "2db5884c-f47f-4083-9689-eec13240bdef"
TestRunCompleteExample 2026-06-04T21:09:15+05:30 logger.go:67:       "resource_attributes" = toset([
TestRunCompleteExample 2026-06-04T21:09:15+05:30 logger.go:67:         {
TestRunCompleteExample 2026-06-04T21:09:15+05:30 logger.go:67:           "name" = "accountId"
TestRunCompleteExample 2026-06-04T21:09:15+05:30 logger.go:67:           "operator" = "stringEquals"
TestRunCompleteExample 2026-06-04T21:09:15+05:30 logger.go:67:           "value" = "abac0df06b644a9cabc6e44f55b3880e"
TestRunCompleteExample 2026-06-04T21:09:15+05:30 logger.go:67:         },
TestRunCompleteExample 2026-06-04T21:09:15+05:30 logger.go:67:         {
TestRunCompleteExample 2026-06-04T21:09:15+05:30 logger.go:67:           "name" = "resourceGroupId"
TestRunCompleteExample 2026-06-04T21:09:15+05:30 logger.go:67:           "operator" = "stringEquals"
TestRunCompleteExample 2026-06-04T21:09:15+05:30 logger.go:67:           "value" = "f8bb0fc2a066425b8858d9767136bfa2"
TestRunCompleteExample 2026-06-04T21:09:15+05:30 logger.go:67:         },
TestRunCompleteExample 2026-06-04T21:09:15+05:30 logger.go:67:         {
TestRunCompleteExample 2026-06-04T21:09:15+05:30 logger.go:67:           "name" = "serviceName"
TestRunCompleteExample 2026-06-04T21:09:15+05:30 logger.go:67:           "operator" = "stringEquals"
TestRunCompleteExample 2026-06-04T21:09:15+05:30 logger.go:67:           "value" = "kms"
TestRunCompleteExample 2026-06-04T21:09:15+05:30 logger.go:67:         },
TestRunCompleteExample 2026-06-04T21:09:15+05:30 logger.go:67:       ])
TestRunCompleteExample 2026-06-04T21:09:15+05:30 logger.go:67:       "roles" = tolist([
TestRunCompleteExample 2026-06-04T21:09:15+05:30 logger.go:67:         "Reader",
TestRunCompleteExample 2026-06-04T21:09:15+05:30 logger.go:67:       ])
TestRunCompleteExample 2026-06-04T21:09:15+05:30 logger.go:67:       "source_resource_group_id" = ""
TestRunCompleteExample 2026-06-04T21:09:15+05:30 logger.go:67:       "source_resource_instance_id" = "95b1d86c-6799-4c05-a0d4-72397a294cb6"
TestRunCompleteExample 2026-06-04T21:09:15+05:30 logger.go:67:       "source_resource_type" = ""
TestRunCompleteExample 2026-06-04T21:09:15+05:30 logger.go:67:       "source_service_account" = "abac0df06b644a9cabc6e44f55b3880e"
TestRunCompleteExample 2026-06-04T21:09:15+05:30 logger.go:67:       "source_service_name" = "cloud-object-storage"
TestRunCompleteExample 2026-06-04T21:09:15+05:30 logger.go:67:       "subject_attributes" = toset([])
TestRunCompleteExample 2026-06-04T21:09:15+05:30 logger.go:67:       "target_resource_group_id" = "f8bb0fc2a066425b8858d9767136bfa2"
TestRunCompleteExample 2026-06-04T21:09:15+05:30 logger.go:67:       "target_resource_instance_id" = ""
TestRunCompleteExample 2026-06-04T21:09:15+05:30 logger.go:67:       "target_resource_type" = ""
TestRunCompleteExample 2026-06-04T21:09:15+05:30 logger.go:67:       "target_service_name" = "kms"
TestRunCompleteExample 2026-06-04T21:09:15+05:30 logger.go:67:       "transaction_id" = "db79716835a746c5b4d75cb14f2806e1"
TestRunCompleteExample 2026-06-04T21:09:15+05:30 logger.go:67:       "version" = tostring(null)
TestRunCompleteExample 2026-06-04T21:09:15+05:30 logger.go:67:     }
TestRunCompleteExample 2026-06-04T21:09:15+05:30 logger.go:67:   }
TestRunCompleteExample 2026-06-04T21:09:15+05:30 logger.go:67:   "cbr_rules" = [
TestRunCompleteExample 2026-06-04T21:09:15+05:30 logger.go:67:     {
TestRunCompleteExample 2026-06-04T21:09:15+05:30 logger.go:67:       "rule_crns" = "crn:v1:bluemix:public:context-based-restrictions:global:a/abac0df06b644a9cabc6e44f55b3880e::rule:454687a11c8b26961cdbf52e617663fa"
TestRunCompleteExample 2026-06-04T21:09:15+05:30 logger.go:67:       "rule_hrefs" = "https://cbr.cloud.ibm.com/v1/rules/454687a11c8b26961cdbf52e617663fa"
TestRunCompleteExample 2026-06-04T21:09:15+05:30 logger.go:67:       "rule_ids" = "454687a11c8b26961cdbf52e617663fa"
TestRunCompleteExample 2026-06-04T21:09:15+05:30 logger.go:67:       "zone_crns" = [
TestRunCompleteExample 2026-06-04T21:09:15+05:30 logger.go:67:         "crn:v1:bluemix:public:context-based-restrictions:global:a/abac0df06b644a9cabc6e44f55b3880e::zone:9f8e789754e377595b9a978b2a7fa8b4",
TestRunCompleteExample 2026-06-04T21:09:15+05:30 logger.go:67:         "crn:v1:bluemix:public:context-based-restrictions:global:a/abac0df06b644a9cabc6e44f55b3880e::zone:b08d21d7606165f6683ab1125d0eaed0",
TestRunCompleteExample 2026-06-04T21:09:15+05:30 logger.go:67:       ]
TestRunCompleteExample 2026-06-04T21:09:15+05:30 logger.go:67:       "zone_hrefs" = [
TestRunCompleteExample 2026-06-04T21:09:15+05:30 logger.go:67:         "https://cbr.cloud.ibm.com/v1/zones/9f8e789754e377595b9a978b2a7fa8b4",
TestRunCompleteExample 2026-06-04T21:09:15+05:30 logger.go:67:         "https://cbr.cloud.ibm.com/v1/zones/b08d21d7606165f6683ab1125d0eaed0",
TestRunCompleteExample 2026-06-04T21:09:15+05:30 logger.go:67:       ]
TestRunCompleteExample 2026-06-04T21:09:15+05:30 logger.go:67:       "zone_ids" = [
TestRunCompleteExample 2026-06-04T21:09:15+05:30 logger.go:67:         "9f8e789754e377595b9a978b2a7fa8b4",
TestRunCompleteExample 2026-06-04T21:09:15+05:30 logger.go:67:         "b08d21d7606165f6683ab1125d0eaed0",
TestRunCompleteExample 2026-06-04T21:09:15+05:30 logger.go:67:       ]
TestRunCompleteExample 2026-06-04T21:09:15+05:30 logger.go:67:     },
TestRunCompleteExample 2026-06-04T21:09:15+05:30 logger.go:67:   ]
TestRunCompleteExample 2026-06-04T21:09:15+05:30 logger.go:67: }
TestRunCompleteExample 2026-06-04T21:09:15+05:30 tests.go:672: FINISHED: Init / Apply
TestRunCompleteExample 2026-06-04T21:09:15+05:30 retry.go:91: terraform [output -no-color -json]
TestRunCompleteExample 2026-06-04T21:09:15+05:30 tests.go:626: START: Init / Plan / Show w/Struct
TestRunCompleteExample 2026-06-04T21:09:15+05:30 retry.go:91: terraform [init -upgrade=true]
TestRunCompleteExample 2026-06-04T21:09:43+05:30 retry.go:91: terraform [plan -input=false -lock=false -var prefix=s2s-z7e -var region=jp-tok -var resource_tags=[] -lock=false -out=/var/folders/fy/s8ggjx8s0vqclg_sl31k2_m80000gn/T/terraform-s2s-z7e4282852747/examples/complete/terratest-plan-file-75649012]
TestRunCompleteExample 2026-06-04T21:10:01+05:30 retry.go:91: terraform [show -no-color -json /var/folders/fy/s8ggjx8s0vqclg_sl31k2_m80000gn/T/terraform-s2s-z7e4282852747/examples/complete/terratest-plan-file-75649012]
TestRunCompleteExample 2026-06-04T21:10:01+05:30 tests.go:644: FINISHED: Init / Plan / Show w/Struct
TestRunCompleteExample 2026-06-04T21:10:01+05:30 retry.go:91: terraform [plan -input=false -lock=false -var region=jp-tok -var resource_tags=[] -var prefix=s2s-z7e -lock=false -out=/var/folders/fy/s8ggjx8s0vqclg_sl31k2_m80000gn/T/terraform-s2s-z7e4282852747/examples/complete/terratest-plan-file-75649012]
TestRunCompleteExample 2026-06-04T21:10:01+05:30 command.go:123: Running command terraform with args [plan -input=false -lock=false -var region=jp-tok -var resource_tags=[] -var prefix=s2s-z7e -lock=false -out=/var/folders/fy/s8ggjx8s0vqclg_sl31k2_m80000gn/T/terraform-s2s-z7e4282852747/examples/complete/terratest-plan-file-75649012]
TestRunCompleteExample 2026-06-04T21:10:03+05:30 command.go:212: [0m[1mmodule.cos_instance.random_string.bucket_name_suffix[0]: Refreshing state... [id=tgao][0m
TestRunCompleteExample 2026-06-04T21:10:03+05:30 command.go:212: [0m[1mmodule.service_auth_cbr_rules.module.cbr_rules[0].data.ibm_iam_account_settings.iam_account_settings: Reading...[0m[0m
TestRunCompleteExample 2026-06-04T21:10:03+05:30 command.go:212: [0m[1mdata.ibm_iam_account_settings.iam_account_settings: Reading...[0m[0m
TestRunCompleteExample 2026-06-04T21:10:03+05:30 command.go:212: [0m[1mmodule.resource_group.ibm_resource_group.resource_group[0]: Refreshing state... [id=f8bb0fc2a066425b8858d9767136bfa2][0m
TestRunCompleteExample 2026-06-04T21:10:04+05:30 command.go:212: [0m[1mmodule.service_auth_cbr_rules.module.cbr_rules[0].data.ibm_iam_account_settings.iam_account_settings: Read complete after 1s [id=abac0df06b644a9cabc6e44f55b3880e][0m
TestRunCompleteExample 2026-06-04T21:10:04+05:30 command.go:212: [0m[1mdata.ibm_iam_account_settings.iam_account_settings: Read complete after 1s [id=abac0df06b644a9cabc6e44f55b3880e][0m
TestRunCompleteExample 2026-06-04T21:10:07+05:30 command.go:212: [0m[1mmodule.key_protect_instance.ibm_resource_instance.key_protect_instance: Refreshing state... [id=crn:v1:bluemix:public:kms:jp-tok:a/abac0df06b644a9cabc6e44f55b3880e:10ef879d-9f28-4414-ad97-f51435fe32f0::][0m
TestRunCompleteExample 2026-06-04T21:10:07+05:30 command.go:212: [0m[1mmodule.cos_instance.ibm_resource_instance.cos_instance[0]: Refreshing state... [id=crn:v1:bluemix:public:cloud-object-storage:global:a/abac0df06b644a9cabc6e44f55b3880e:95b1d86c-6799-4c05-a0d4-72397a294cb6::][0m
TestRunCompleteExample 2026-06-04T21:10:07+05:30 command.go:212: [0m[1mibm_is_vpc.vpc_instance: Refreshing state... [id=r022-ddac58d2-c1f5-4275-a420-a370f6b690a6][0m
TestRunCompleteExample 2026-06-04T21:10:08+05:30 command.go:212: [0m[1mmodule.cos_instance.data.ibm_resource_instance.cos_instance: Reading...[0m[0m
TestRunCompleteExample 2026-06-04T21:10:09+05:30 command.go:212: [0m[1mmodule.key_protect_instance.ibm_kms_instance_policies.key_protect_instance_policies: Refreshing state... [id=crn:v1:bluemix:public:kms:jp-tok:a/abac0df06b644a9cabc6e44f55b3880e:10ef879d-9f28-4414-ad97-f51435fe32f0::][0m
TestRunCompleteExample 2026-06-04T21:10:10+05:30 command.go:212: [0m[1mmodule.cos_instance.data.ibm_resource_instance.cos_instance: Read complete after 1s [id=crn:v1:bluemix:public:cloud-object-storage:global:a/abac0df06b644a9cabc6e44f55b3880e:95b1d86c-6799-4c05-a0d4-72397a294cb6::][0m
TestRunCompleteExample 2026-06-04T21:10:10+05:30 command.go:212: [0m[1mmodule.cos_instance.ibm_cos_bucket.cos_bucket[0]: Refreshing state... [id=crn:v1:bluemix:public:cloud-object-storage:global:a/abac0df06b644a9cabc6e44f55b3880e:95b1d86c-6799-4c05-a0d4-72397a294cb6:bucket:s2s-z7e-cos-bucket-tgao:meta:rl:us-south:public][0m
TestRunCompleteExample 2026-06-04T21:10:10+05:30 command.go:212: [0m[1mmodule.service_auth_cbr_rules.ibm_iam_authorization_policy.auth_policies["test-policy-1"]: Refreshing state... [id=b5e65a9f-4b5e-4122-9dfa-f0193babd1af][0m
TestRunCompleteExample 2026-06-04T21:10:10+05:30 command.go:212: [0m[1mmodule.service_auth_cbr_rules.ibm_iam_authorization_policy.auth_policies["scenario-resource-attrs"]: Refreshing state... [id=d649381e-6b45-4a1b-9b83-c936cbb0f521][0m
TestRunCompleteExample 2026-06-04T21:10:10+05:30 command.go:212: [0m[1mmodule.service_auth_cbr_rules.ibm_iam_authorization_policy.auth_policies["test-policy-3"]: Refreshing state... [id=2db5884c-f47f-4083-9689-eec13240bdef][0m
TestRunCompleteExample 2026-06-04T21:10:10+05:30 command.go:212: [0m[1mmodule.service_auth_cbr_rules.ibm_iam_authorization_policy.auth_policies["scenario-subject-attrs"]: Refreshing state... [id=81a95161-3637-47c3-a5b2-e54804404779][0m
TestRunCompleteExample 2026-06-04T21:10:10+05:30 command.go:212: [0m[1mmodule.service_auth_cbr_rules.ibm_iam_authorization_policy.auth_policies["test-policy-2"]: Refreshing state... [id=ef84b8de-4737-4d92-8295-162f74e2ba0b][0m
TestRunCompleteExample 2026-06-04T21:10:10+05:30 command.go:212: [0m[1mmodule.service_auth_cbr_rules.ibm_iam_authorization_policy.auth_policies["scenario-both-attrs"]: Refreshing state... [id=951d6ff4-a347-45a6-9b60-909eff8ffdc9][0m
TestRunCompleteExample 2026-06-04T21:10:12+05:30 command.go:212: [0m[1mmodule.service_auth_cbr_rules.module.cbr_rules[0].module.cbr_zone[0].ibm_cbr_zone.cbr_zone[0]: Refreshing state... [id=9f8e789754e377595b9a978b2a7fa8b4][0m
TestRunCompleteExample 2026-06-04T21:10:12+05:30 command.go:212: [0m[1mmodule.service_auth_cbr_rules.module.cbr_rules[0].module.cbr_zone[1].ibm_cbr_zone.cbr_zone[0]: Refreshing state... [id=b08d21d7606165f6683ab1125d0eaed0][0m
TestRunCompleteExample 2026-06-04T21:10:12+05:30 command.go:212: [0m[1mmodule.service_auth_cbr_rules.module.cbr_rules[0].module.cbr_rule[0].ibm_cbr_rule.cbr_rule: Refreshing state... [id=454687a11c8b26961cdbf52e617663fa][0m
TestRunCompleteExample 2026-06-04T21:10:18+05:30 command.go:212: 
TestRunCompleteExample 2026-06-04T21:10:18+05:30 command.go:212: [0m[1m[32mNo changes.[0m[1m Your infrastructure matches the configuration.[0m
TestRunCompleteExample 2026-06-04T21:10:18+05:30 command.go:212: 
TestRunCompleteExample 2026-06-04T21:10:18+05:30 command.go:212: [0mTerraform has compared your real infrastructure against your configuration
TestRunCompleteExample 2026-06-04T21:10:18+05:30 command.go:212: and found no differences, so no changes are needed.
TestRunCompleteExample 2026-06-04T21:10:18+05:30 tests.go:607: FINISHED: Init / Apply / Consistency Check
TestRunCompleteExample 2026-06-04T21:10:18+05:30 retry.go:91: terraform [output -no-color -json]
TestRunCompleteExample 2026-06-04T21:10:18+05:30 tests.go:145: Destroying test resources
TestRunCompleteExample 2026-06-04T21:10:18+05:30 tests.go:146: Test Passed: true
TestRunCompleteExample 2026-06-04T21:10:18+05:30 tests.go:202: Destroying test resources
TestRunCompleteExample 2026-06-04T21:10:18+05:30 tests.go:203: Test Passed: true
TestRunCompleteExample 2026-06-04T21:10:18+05:30 tests.go:204: START: Destroy
TestRunCompleteExample 2026-06-04T21:10:18+05:30 retry.go:91: terraform [destroy -auto-approve -input=false -var prefix=s2s-z7e -var region=jp-tok -var resource_tags=[] -lock=false]
TestRunCompleteExample 2026-06-04T21:10:18+05:30 command.go:123: Running command terraform with args [destroy -auto-approve -input=false -var prefix=s2s-z7e -var region=jp-tok -var resource_tags=[] -lock=false]
TestRunCompleteExample 2026-06-04T21:10:19+05:30 command.go:212: [0m[1mmodule.cos_instance.random_string.bucket_name_suffix[0]: Refreshing state... [id=tgao][0m
TestRunCompleteExample 2026-06-04T21:10:20+05:30 command.go:212: [0m[1mmodule.service_auth_cbr_rules.module.cbr_rules[0].data.ibm_iam_account_settings.iam_account_settings: Reading...[0m[0m
TestRunCompleteExample 2026-06-04T21:10:20+05:30 command.go:212: [0m[1mdata.ibm_iam_account_settings.iam_account_settings: Reading...[0m[0m
TestRunCompleteExample 2026-06-04T21:10:20+05:30 command.go:212: [0m[1mmodule.resource_group.ibm_resource_group.resource_group[0]: Refreshing state... [id=f8bb0fc2a066425b8858d9767136bfa2][0m
TestRunCompleteExample 2026-06-04T21:10:20+05:30 command.go:212: [0m[1mdata.ibm_iam_account_settings.iam_account_settings: Read complete after 1s [id=abac0df06b644a9cabc6e44f55b3880e][0m
TestRunCompleteExample 2026-06-04T21:10:20+05:30 command.go:212: [0m[1mmodule.service_auth_cbr_rules.module.cbr_rules[0].data.ibm_iam_account_settings.iam_account_settings: Read complete after 1s [id=abac0df06b644a9cabc6e44f55b3880e][0m
TestRunCompleteExample 2026-06-04T21:10:23+05:30 command.go:212: [0m[1mmodule.key_protect_instance.ibm_resource_instance.key_protect_instance: Refreshing state... [id=crn:v1:bluemix:public:kms:jp-tok:a/abac0df06b644a9cabc6e44f55b3880e:10ef879d-9f28-4414-ad97-f51435fe32f0::][0m
TestRunCompleteExample 2026-06-04T21:10:23+05:30 command.go:212: [0m[1mmodule.cos_instance.ibm_resource_instance.cos_instance[0]: Refreshing state... [id=crn:v1:bluemix:public:cloud-object-storage:global:a/abac0df06b644a9cabc6e44f55b3880e:95b1d86c-6799-4c05-a0d4-72397a294cb6::][0m
TestRunCompleteExample 2026-06-04T21:10:23+05:30 command.go:212: [0m[1mibm_is_vpc.vpc_instance: Refreshing state... [id=r022-ddac58d2-c1f5-4275-a420-a370f6b690a6][0m
TestRunCompleteExample 2026-06-04T21:10:25+05:30 command.go:212: [0m[1mmodule.key_protect_instance.ibm_kms_instance_policies.key_protect_instance_policies: Refreshing state... [id=crn:v1:bluemix:public:kms:jp-tok:a/abac0df06b644a9cabc6e44f55b3880e:10ef879d-9f28-4414-ad97-f51435fe32f0::][0m
TestRunCompleteExample 2026-06-04T21:10:25+05:30 command.go:212: [0m[1mmodule.cos_instance.data.ibm_resource_instance.cos_instance: Reading...[0m[0m
TestRunCompleteExample 2026-06-04T21:10:28+05:30 command.go:212: [0m[1mmodule.cos_instance.data.ibm_resource_instance.cos_instance: Read complete after 2s [id=crn:v1:bluemix:public:cloud-object-storage:global:a/abac0df06b644a9cabc6e44f55b3880e:95b1d86c-6799-4c05-a0d4-72397a294cb6::][0m
TestRunCompleteExample 2026-06-04T21:10:28+05:30 command.go:212: [0m[1mmodule.cos_instance.ibm_cos_bucket.cos_bucket[0]: Refreshing state... [id=crn:v1:bluemix:public:cloud-object-storage:global:a/abac0df06b644a9cabc6e44f55b3880e:95b1d86c-6799-4c05-a0d4-72397a294cb6:bucket:s2s-z7e-cos-bucket-tgao:meta:rl:us-south:public][0m
TestRunCompleteExample 2026-06-04T21:10:28+05:30 command.go:212: [0m[1mmodule.service_auth_cbr_rules.ibm_iam_authorization_policy.auth_policies["test-policy-2"]: Refreshing state... [id=ef84b8de-4737-4d92-8295-162f74e2ba0b][0m
TestRunCompleteExample 2026-06-04T21:10:28+05:30 command.go:212: [0m[1mmodule.service_auth_cbr_rules.ibm_iam_authorization_policy.auth_policies["test-policy-3"]: Refreshing state... [id=2db5884c-f47f-4083-9689-eec13240bdef][0m
TestRunCompleteExample 2026-06-04T21:10:28+05:30 command.go:212: [0m[1mmodule.service_auth_cbr_rules.ibm_iam_authorization_policy.auth_policies["scenario-resource-attrs"]: Refreshing state... [id=d649381e-6b45-4a1b-9b83-c936cbb0f521][0m
TestRunCompleteExample 2026-06-04T21:10:28+05:30 command.go:212: [0m[1mmodule.service_auth_cbr_rules.ibm_iam_authorization_policy.auth_policies["test-policy-1"]: Refreshing state... [id=b5e65a9f-4b5e-4122-9dfa-f0193babd1af][0m
TestRunCompleteExample 2026-06-04T21:10:28+05:30 command.go:212: [0m[1mmodule.service_auth_cbr_rules.ibm_iam_authorization_policy.auth_policies["scenario-both-attrs"]: Refreshing state... [id=951d6ff4-a347-45a6-9b60-909eff8ffdc9][0m
TestRunCompleteExample 2026-06-04T21:10:28+05:30 command.go:212: [0m[1mmodule.service_auth_cbr_rules.ibm_iam_authorization_policy.auth_policies["scenario-subject-attrs"]: Refreshing state... [id=81a95161-3637-47c3-a5b2-e54804404779][0m
TestRunCompleteExample 2026-06-04T21:10:28+05:30 command.go:212: [0m[1mmodule.service_auth_cbr_rules.module.cbr_rules[0].module.cbr_zone[1].ibm_cbr_zone.cbr_zone[0]: Refreshing state... [id=b08d21d7606165f6683ab1125d0eaed0][0m
TestRunCompleteExample 2026-06-04T21:10:28+05:30 command.go:212: [0m[1mmodule.service_auth_cbr_rules.module.cbr_rules[0].module.cbr_zone[0].ibm_cbr_zone.cbr_zone[0]: Refreshing state... [id=9f8e789754e377595b9a978b2a7fa8b4][0m
TestRunCompleteExample 2026-06-04T21:10:28+05:30 command.go:212: [0m[1mmodule.service_auth_cbr_rules.module.cbr_rules[0].module.cbr_rule[0].ibm_cbr_rule.cbr_rule: Refreshing state... [id=454687a11c8b26961cdbf52e617663fa][0m
TestRunCompleteExample 2026-06-04T21:10:35+05:30 command.go:212: 
TestRunCompleteExample 2026-06-04T21:10:35+05:30 command.go:212: Terraform used the selected providers to generate the following execution
TestRunCompleteExample 2026-06-04T21:10:35+05:30 command.go:212: plan. Resource actions are indicated with the following symbols:
TestRunCompleteExample 2026-06-04T21:10:35+05:30 command.go:212:   [31m-[0m destroy[0m
TestRunCompleteExample 2026-06-04T21:10:35+05:30 command.go:212: 
TestRunCompleteExample 2026-06-04T21:10:35+05:30 command.go:212: Terraform will perform the following actions:
TestRunCompleteExample 2026-06-04T21:10:35+05:30 command.go:212: 
TestRunCompleteExample 2026-06-04T21:10:35+05:30 command.go:212: [1m  # ibm_is_vpc.vpc_instance[0m will be [1m[31mdestroyed[0m
TestRunCompleteExample 2026-06-04T21:10:35+05:30 command.go:212: [0m  [31m-[0m[0m resource "ibm_is_vpc" "vpc_instance" {
TestRunCompleteExample 2026-06-04T21:10:35+05:30 command.go:212:       [31m-[0m[0m access_tags                 = [] [90m-> null[0m[0m
TestRunCompleteExample 2026-06-04T21:10:35+05:30 command.go:212:       [31m-[0m[0m address_prefix_management   = "auto" [90m-> null[0m[0m
TestRunCompleteExample 2026-06-04T21:10:35+05:30 command.go:212:       [31m-[0m[0m classic_access              = false [90m-> null[0m[0m
TestRunCompleteExample 2026-06-04T21:10:35+05:30 command.go:212:       [31m-[0m[0m crn                         = "crn:v1:bluemix:public:is:jp-tok:a/abac0df06b644a9cabc6e44f55b3880e::vpc:r022-ddac58d2-c1f5-4275-a420-a370f6b690a6" [90m-> null[0m[0m
TestRunCompleteExample 2026-06-04T21:10:35+05:30 command.go:212:       [31m-[0m[0m cse_source_addresses        = [
TestRunCompleteExample 2026-06-04T21:10:35+05:30 command.go:212:           [31m-[0m[0m {
TestRunCompleteExample 2026-06-04T21:10:35+05:30 command.go:212:               [31m-[0m[0m address   = "10.223.194.125"
TestRunCompleteExample 2026-06-04T21:10:35+05:30 command.go:212:               [31m-[0m[0m zone_name = "jp-tok-1"
TestRunCompleteExample 2026-06-04T21:10:35+05:30 command.go:212:             },
TestRunCompleteExample 2026-06-04T21:10:35+05:30 command.go:212:           [31m-[0m[0m {
TestRunCompleteExample 2026-06-04T21:10:35+05:30 command.go:212:               [31m-[0m[0m address   = "10.223.208.187"
TestRunCompleteExample 2026-06-04T21:10:35+05:30 command.go:212:               [31m-[0m[0m zone_name = "jp-tok-2"
TestRunCompleteExample 2026-06-04T21:10:35+05:30 command.go:212:             },
TestRunCompleteExample 2026-06-04T21:10:35+05:30 command.go:212:           [31m-[0m[0m {
TestRunCompleteExample 2026-06-04T21:10:35+05:30 command.go:212:               [31m-[0m[0m address   = "10.223.217.248"
TestRunCompleteExample 2026-06-04T21:10:35+05:30 command.go:212:               [31m-[0m[0m zone_name = "jp-tok-3"
TestRunCompleteExample 2026-06-04T21:10:35+05:30 command.go:212:             },
TestRunCompleteExample 2026-06-04T21:10:35+05:30 command.go:212:         ] [90m-> null[0m[0m
TestRunCompleteExample 2026-06-04T21:10:35+05:30 command.go:212:       [31m-[0m[0m default_address_prefixes    = {
TestRunCompleteExample 2026-06-04T21:10:35+05:30 command.go:212:           [31m-[0m[0m "jp-tok-1" = "10.244.0.0/18"
TestRunCompleteExample 2026-06-04T21:10:35+05:30 command.go:212:           [31m-[0m[0m "jp-tok-2" = "10.244.64.0/18"
TestRunCompleteExample 2026-06-04T21:10:35+05:30 command.go:212:           [31m-[0m[0m "jp-tok-3" = "10.244.128.0/18"
TestRunCompleteExample 2026-06-04T21:10:35+05:30 command.go:212:         } [90m-> null[0m[0m
TestRunCompleteExample 2026-06-04T21:10:35+05:30 command.go:212:       [31m-[0m[0m default_network_acl         = "r022-f28cd680-847e-4772-8c5d-825d9dad5e05" [90m-> null[0m[0m
TestRunCompleteExample 2026-06-04T21:10:35+05:30 command.go:212:       [31m-[0m[0m default_network_acl_crn     = "crn:v1:bluemix:public:is:jp-tok:a/abac0df06b644a9cabc6e44f55b3880e::network-acl:r022-f28cd680-847e-4772-8c5d-825d9dad5e05" [90m-> null[0m[0m
TestRunCompleteExample 2026-06-04T21:10:35+05:30 command.go:212:       [31m-[0m[0m default_network_acl_name    = "dental-askew-captive-macaw" [90m-> null[0m[0m
TestRunCompleteExample 2026-06-04T21:10:35+05:30 command.go:212:       [31m-[0m[0m default_routing_table       = "r022-e667bd1b-2de0-49a4-9367-7bb231afb94d" [90m-> null[0m[0m
TestRunCompleteExample 2026-06-04T21:10:35+05:30 command.go:212:       [31m-[0m[0m default_routing_table_crn   = "crn:v1:bluemix:public:is:jp-tok:a/abac0df06b644a9cabc6e44f55b3880e::vpc-routing-table:r022-ddac58d2-c1f5-4275-a420-a370f6b690a6/r022-e667bd1b-2de0-49a4-9367-7bb231afb94d" [90m-> null[0m[0m
TestRunCompleteExample 2026-06-04T21:10:35+05:30 command.go:212:       [31m-[0m[0m default_routing_table_name  = "coexist-posting-nuttiness-viper" [90m-> null[0m[0m
TestRunCompleteExample 2026-06-04T21:10:35+05:30 command.go:212:       [31m-[0m[0m default_security_group      = "r022-ed094282-fd60-4008-bc88-e6b7cf1c86e6" [90m-> null[0m[0m
TestRunCompleteExample 2026-06-04T21:10:35+05:30 command.go:212:       [31m-[0m[0m default_security_group_crn  = "crn:v1:bluemix:public:is:jp-tok:a/abac0df06b644a9cabc6e44f55b3880e::security-group:r022-ed094282-fd60-4008-bc88-e6b7cf1c86e6" [90m-> null[0m[0m
TestRunCompleteExample 2026-06-04T21:10:35+05:30 command.go:212:       [31m-[0m[0m default_security_group_name = "freeload-untaken-raisin-lurex" [90m-> null[0m[0m
TestRunCompleteExample 2026-06-04T21:10:35+05:30 command.go:212:       [31m-[0m[0m health_reasons              = [] [90m-> null[0m[0m
TestRunCompleteExample 2026-06-04T21:10:35+05:30 command.go:212:       [31m-[0m[0m health_state                = "ok" [90m-> null[0m[0m
TestRunCompleteExample 2026-06-04T21:10:35+05:30 command.go:212:       [31m-[0m[0m id                          = "r022-ddac58d2-c1f5-4275-a420-a370f6b690a6" [90m-> null[0m[0m
TestRunCompleteExample 2026-06-04T21:10:35+05:30 command.go:212:       [31m-[0m[0m name                        = "s2s-z7e-vpc" [90m-> null[0m[0m
TestRunCompleteExample 2026-06-04T21:10:35+05:30 command.go:212:       [31m-[0m[0m no_sg_acl_rules             = false [90m-> null[0m[0m
TestRunCompleteExample 2026-06-04T21:10:35+05:30 command.go:212:       [31m-[0m[0m public_address_ranges       = [] [90m-> null[0m[0m
TestRunCompleteExample 2026-06-04T21:10:35+05:30 command.go:212:       [31m-[0m[0m resource_controller_url     = "https://cloud.ibm.com/vpc-ext/network/vpcs" [90m-> null[0m[0m
TestRunCompleteExample 2026-06-04T21:10:35+05:30 command.go:212:       [31m-[0m[0m resource_crn                = "crn:v1:bluemix:public:is:jp-tok:a/abac0df06b644a9cabc6e44f55b3880e::vpc:r022-ddac58d2-c1f5-4275-a420-a370f6b690a6" [90m-> null[0m[0m
TestRunCompleteExample 2026-06-04T21:10:35+05:30 command.go:212:       [31m-[0m[0m resource_group              = "f8bb0fc2a066425b8858d9767136bfa2" [90m-> null[0m[0m
TestRunCompleteExample 2026-06-04T21:10:35+05:30 command.go:212:       [31m-[0m[0m resource_group_name         = "s2s-z7e-resource-group" [90m-> null[0m[0m
TestRunCompleteExample 2026-06-04T21:10:35+05:30 command.go:212:       [31m-[0m[0m resource_name               = "s2s-z7e-vpc" [90m-> null[0m[0m
TestRunCompleteExample 2026-06-04T21:10:35+05:30 command.go:212:       [31m-[0m[0m resource_status             = "available" [90m-> null[0m[0m
TestRunCompleteExample 2026-06-04T21:10:35+05:30 command.go:212:       [31m-[0m[0m security_group              = [
TestRunCompleteExample 2026-06-04T21:10:35+05:30 command.go:212:           [31m-[0m[0m {
TestRunCompleteExample 2026-06-04T21:10:35+05:30 command.go:212:               [31m-[0m[0m group_id   = "r022-ed094282-fd60-4008-bc88-e6b7cf1c86e6"
TestRunCompleteExample 2026-06-04T21:10:35+05:30 command.go:212:               [31m-[0m[0m group_name = "freeload-untaken-raisin-lurex"
TestRunCompleteExample 2026-06-04T21:10:35+05:30 command.go:212:               [31m-[0m[0m rules      = [
TestRunCompleteExample 2026-06-04T21:10:35+05:30 command.go:212:                   [31m-[0m[0m {
TestRunCompleteExample 2026-06-04T21:10:35+05:30 command.go:212:                       [31m-[0m[0m code       = 0
TestRunCompleteExample 2026-06-04T21:10:35+05:30 command.go:212:                       [31m-[0m[0m direction  = "outbound"
TestRunCompleteExample 2026-06-04T21:10:35+05:30 command.go:212:                       [31m-[0m[0m ip_version = "ipv4"
TestRunCompleteExample 2026-06-04T21:10:35+05:30 command.go:212:                       [31m-[0m[0m port_max   = 0
TestRunCompleteExample 2026-06-04T21:10:35+05:30 command.go:212:                       [31m-[0m[0m port_min   = 0
TestRunCompleteExample 2026-06-04T21:10:35+05:30 command.go:212:                       [31m-[0m[0m protocol   = "icmp_tcp_udp"
TestRunCompleteExample 2026-06-04T21:10:35+05:30 command.go:212:                       [31m-[0m[0m remote     = "0.0.0.0/0"
TestRunCompleteExample 2026-06-04T21:10:35+05:30 command.go:212:                       [31m-[0m[0m rule_id    = "r022-900b4717-94c4-4adc-a1fe-a7cde0aecbee"
TestRunCompleteExample 2026-06-04T21:10:35+05:30 command.go:212:                       [31m-[0m[0m type       = 0
TestRunCompleteExample 2026-06-04T21:10:35+05:30 command.go:212:                     },
TestRunCompleteExample 2026-06-04T21:10:35+05:30 command.go:212:                   [31m-[0m[0m {
TestRunCompleteExample 2026-06-04T21:10:35+05:30 command.go:212:                       [31m-[0m[0m code       = 0
TestRunCompleteExample 2026-06-04T21:10:35+05:30 command.go:212:                       [31m-[0m[0m direction  = "inbound"
TestRunCompleteExample 2026-06-04T21:10:35+05:30 command.go:212:                       [31m-[0m[0m ip_version = "ipv4"
TestRunCompleteExample 2026-06-04T21:10:35+05:30 command.go:212:                       [31m-[0m[0m port_max   = 0
TestRunCompleteExample 2026-06-04T21:10:35+05:30 command.go:212:                       [31m-[0m[0m port_min   = 0
TestRunCompleteExample 2026-06-04T21:10:35+05:30 command.go:212:                       [31m-[0m[0m protocol   = "icmp_tcp_udp"
TestRunCompleteExample 2026-06-04T21:10:35+05:30 command.go:212:                       [31m-[0m[0m remote     = "r022-ed094282-fd60-4008-bc88-e6b7cf1c86e6"
TestRunCompleteExample 2026-06-04T21:10:35+05:30 command.go:212:                       [31m-[0m[0m rule_id    = "r022-c2b86d38-8460-402e-b2af-370063998ed6"
TestRunCompleteExample 2026-06-04T21:10:35+05:30 command.go:212:                       [31m-[0m[0m type       = 0
TestRunCompleteExample 2026-06-04T21:10:35+05:30 command.go:212:                     },
TestRunCompleteExample 2026-06-04T21:10:35+05:30 command.go:212:                 ]
TestRunCompleteExample 2026-06-04T21:10:35+05:30 command.go:212:             },
TestRunCompleteExample 2026-06-04T21:10:35+05:30 command.go:212:         ] [90m-> null[0m[0m
TestRunCompleteExample 2026-06-04T21:10:35+05:30 command.go:212:       [31m-[0m[0m status                      = "available" [90m-> null[0m[0m
TestRunCompleteExample 2026-06-04T21:10:35+05:30 command.go:212:       [31m-[0m[0m subnets                     = [] [90m-> null[0m[0m
TestRunCompleteExample 2026-06-04T21:10:35+05:30 command.go:212:       [31m-[0m[0m tags                        = [] [90m-> null[0m[0m
TestRunCompleteExample 2026-06-04T21:10:35+05:30 command.go:212: 
TestRunCompleteExample 2026-06-04T21:10:35+05:30 command.go:212:       [31m-[0m[0m dns {
TestRunCompleteExample 2026-06-04T21:10:35+05:30 command.go:212:           [31m-[0m[0m enable_hub               = false [90m-> null[0m[0m
TestRunCompleteExample 2026-06-04T21:10:35+05:30 command.go:212:           [31m-[0m[0m resolution_binding_count = 0 [90m-> null[0m[0m
TestRunCompleteExample 2026-06-04T21:10:35+05:30 command.go:212: 
TestRunCompleteExample 2026-06-04T21:10:35+05:30 command.go:212:           [31m-[0m[0m resolver {
TestRunCompleteExample 2026-06-04T21:10:35+05:30 command.go:212:               [31m-[0m[0m configuration         = "default" [90m-> null[0m[0m
TestRunCompleteExample 2026-06-04T21:10:35+05:30 command.go:212:               [31m-[0m[0m servers               = [
TestRunCompleteExample 2026-06-04T21:10:35+05:30 command.go:212:                   [31m-[0m[0m {
TestRunCompleteExample 2026-06-04T21:10:35+05:30 command.go:212:                       [31m-[0m[0m address       = "161.26.0.10"
TestRunCompleteExample 2026-06-04T21:10:35+05:30 command.go:212:                         [90m# (1 unchanged attribute hidden)[0m[0m
TestRunCompleteExample 2026-06-04T21:10:35+05:30 command.go:212:                     },
TestRunCompleteExample 2026-06-04T21:10:35+05:30 command.go:212:                   [31m-[0m[0m {
TestRunCompleteExample 2026-06-04T21:10:35+05:30 command.go:212:                       [31m-[0m[0m address       = "161.26.0.11"
TestRunCompleteExample 2026-06-04T21:10:35+05:30 command.go:212:                         [90m# (1 unchanged attribute hidden)[0m[0m
TestRunCompleteExample 2026-06-04T21:10:35+05:30 command.go:212:                     },
TestRunCompleteExample 2026-06-04T21:10:35+05:30 command.go:212:                 ] [90m-> null[0m[0m
TestRunCompleteExample 2026-06-04T21:10:35+05:30 command.go:212:               [31m-[0m[0m type                  = "system" [90m-> null[0m[0m
TestRunCompleteExample 2026-06-04T21:10:35+05:30 command.go:212:                 [90m# (7 unchanged attributes hidden)[0m[0m
TestRunCompleteExample 2026-06-04T21:10:35+05:30 command.go:212:             }
TestRunCompleteExample 2026-06-04T21:10:35+05:30 command.go:212:         }
TestRunCompleteExample 2026-06-04T21:10:35+05:30 command.go:212:     }
TestRunCompleteExample 2026-06-04T21:10:35+05:30 command.go:212: 
TestRunCompleteExample 2026-06-04T21:10:35+05:30 command.go:212: [1m  # module.cos_instance.ibm_cos_bucket.cos_bucket[0][0m will be [1m[31mdestroyed[0m
TestRunCompleteExample 2026-06-04T21:10:35+05:30 command.go:212: [0m  [31m-[0m[0m resource "ibm_cos_bucket" "cos_bucket" {
TestRunCompleteExample 2026-06-04T21:10:35+05:30 command.go:212:       [31m-[0m[0m allowed_ip           = [] [90m-> null[0m[0m
TestRunCompleteExample 2026-06-04T21:10:35+05:30 command.go:212:       [31m-[0m[0m bucket_name          = "s2s-z7e-cos-bucket-tgao" [90m-> null[0m[0m
TestRunCompleteExample 2026-06-04T21:10:35+05:30 command.go:212:       [31m-[0m[0m crn                  = "crn:v1:bluemix:public:cloud-object-storage:global:a/abac0df06b644a9cabc6e44f55b3880e:95b1d86c-6799-4c05-a0d4-72397a294cb6:bucket:s2s-z7e-cos-bucket-tgao" [90m-> null[0m[0m
TestRunCompleteExample 2026-06-04T21:10:35+05:30 command.go:212:       [31m-[0m[0m endpoint_type        = "public" [90m-> null[0m[0m
TestRunCompleteExample 2026-06-04T21:10:35+05:30 command.go:212:       [31m-[0m[0m force_delete         = true [90m-> null[0m[0m
TestRunCompleteExample 2026-06-04T21:10:35+05:30 command.go:212:       [31m-[0m[0m hard_quota           = 0 [90m-> null[0m[0m
TestRunCompleteExample 2026-06-04T21:10:35+05:30 command.go:212:       [31m-[0m[0m id                   = "crn:v1:bluemix:public:cloud-object-storage:global:a/abac0df06b644a9cabc6e44f55b3880e:95b1d86c-6799-4c05-a0d4-72397a294cb6:bucket:s2s-z7e-cos-bucket-tgao:meta:rl:us-south:public" [90m-> null[0m[0m
TestRunCompleteExample 2026-06-04T21:10:35+05:30 command.go:212:       [31m-[0m[0m object_lock          = false [90m-> null[0m[0m
TestRunCompleteExample 2026-06-04T21:10:35+05:30 command.go:212:       [31m-[0m[0m region_location      = "us-south" [90m-> null[0m[0m
TestRunCompleteExample 2026-06-04T21:10:35+05:30 command.go:212:       [31m-[0m[0m resource_instance_id = "crn:v1:bluemix:public:cloud-object-storage:global:a/abac0df06b644a9cabc6e44f55b3880e:95b1d86c-6799-4c05-a0d4-72397a294cb6::" [90m-> null[0m[0m
TestRunCompleteExample 2026-06-04T21:10:35+05:30 command.go:212:       [31m-[0m[0m s3_endpoint_direct   = "s3.direct.us-south.cloud-object-storage.appdomain.cloud" [90m-> null[0m[0m
TestRunCompleteExample 2026-06-04T21:10:35+05:30 command.go:212:       [31m-[0m[0m s3_endpoint_private  = "s3.private.us-south.cloud-object-storage.appdomain.cloud" [90m-> null[0m[0m
TestRunCompleteExample 2026-06-04T21:10:35+05:30 command.go:212:       [31m-[0m[0m s3_endpoint_public   = "s3.us-south.cloud-object-storage.appdomain.cloud" [90m-> null[0m[0m
TestRunCompleteExample 2026-06-04T21:10:35+05:30 command.go:212:       [31m-[0m[0m storage_class        = "standard" [90m-> null[0m[0m
TestRunCompleteExample 2026-06-04T21:10:35+05:30 command.go:212: 
TestRunCompleteExample 2026-06-04T21:10:35+05:30 command.go:212:       [31m-[0m[0m activity_tracking {
TestRunCompleteExample 2026-06-04T21:10:35+05:30 command.go:212:           [31m-[0m[0m management_events    = true [90m-> null[0m[0m
TestRunCompleteExample 2026-06-04T21:10:35+05:30 command.go:212:           [31m-[0m[0m read_data_events     = true [90m-> null[0m[0m
TestRunCompleteExample 2026-06-04T21:10:35+05:30 command.go:212:           [31m-[0m[0m write_data_events    = true [90m-> null[0m[0m
TestRunCompleteExample 2026-06-04T21:10:35+05:30 command.go:212:             [90m# (1 unchanged attribute hidden)[0m[0m
TestRunCompleteExample 2026-06-04T21:10:35+05:30 command.go:212:         }
TestRunCompleteExample 2026-06-04T21:10:35+05:30 command.go:212: 
TestRunCompleteExample 2026-06-04T21:10:35+05:30 command.go:212:       [31m-[0m[0m metrics_monitoring {
TestRunCompleteExample 2026-06-04T21:10:35+05:30 command.go:212:           [31m-[0m[0m request_metrics_enabled = true [90m-> null[0m[0m
TestRunCompleteExample 2026-06-04T21:10:35+05:30 command.go:212:           [31m-[0m[0m usage_metrics_enabled   = true [90m-> null[0m[0m
TestRunCompleteExample 2026-06-04T21:10:35+05:30 command.go:212:             [90m# (1 unchanged attribute hidden)[0m[0m
TestRunCompleteExample 2026-06-04T21:10:35+05:30 command.go:212:         }
TestRunCompleteExample 2026-06-04T21:10:35+05:30 command.go:212:     }
TestRunCompleteExample 2026-06-04T21:10:35+05:30 command.go:212: 
TestRunCompleteExample 2026-06-04T21:10:35+05:30 command.go:212: [1m  # module.cos_instance.ibm_resource_instance.cos_instance[0][0m will be [1m[31mdestroyed[0m
TestRunCompleteExample 2026-06-04T21:10:35+05:30 command.go:212: [0m  [31m-[0m[0m resource "ibm_resource_instance" "cos_instance" {
TestRunCompleteExample 2026-06-04T21:10:35+05:30 command.go:212:       [31m-[0m[0m account_id              = "abac0df06b644a9cabc6e44f55b3880e" [90m-> null[0m[0m
TestRunCompleteExample 2026-06-04T21:10:35+05:30 command.go:212:       [31m-[0m[0m allow_cleanup           = false [90m-> null[0m[0m
TestRunCompleteExample 2026-06-04T21:10:35+05:30 command.go:212:       [31m-[0m[0m created_at              = "2026-06-04T15:38:45.930Z" [90m-> null[0m[0m
TestRunCompleteExample 2026-06-04T21:10:35+05:30 command.go:212:       [31m-[0m[0m created_by              = "IBMid-666002IZ2Y" [90m-> null[0m[0m
TestRunCompleteExample 2026-06-04T21:10:35+05:30 command.go:212:       [31m-[0m[0m crn                     = "crn:v1:bluemix:public:cloud-object-storage:global:a/abac0df06b644a9cabc6e44f55b3880e:95b1d86c-6799-4c05-a0d4-72397a294cb6::" [90m-> null[0m[0m
TestRunCompleteExample 2026-06-04T21:10:35+05:30 command.go:212:       [31m-[0m[0m dashboard_url           = "https://cloud.ibm.com/objectstorage/crn%3Av1%3Abluemix%3Apublic%3Acloud-object-storage%3Aglobal%3Aa%2Fabac0df06b644a9cabc6e44f55b3880e%3A95b1d86c-6799-4c05-a0d4-72397a294cb6%3A%3A" [90m-> null[0m[0m
TestRunCompleteExample 2026-06-04T21:10:35+05:30 command.go:212:       [31m-[0m[0m extensions              = {} [90m-> null[0m[0m
TestRunCompleteExample 2026-06-04T21:10:35+05:30 command.go:212:       [31m-[0m[0m guid                    = "95b1d86c-6799-4c05-a0d4-72397a294cb6" [90m-> null[0m[0m
TestRunCompleteExample 2026-06-04T21:10:35+05:30 command.go:212:       [31m-[0m[0m id                      = "crn:v1:bluemix:public:cloud-object-storage:global:a/abac0df06b644a9cabc6e44f55b3880e:95b1d86c-6799-4c05-a0d4-72397a294cb6::" [90m-> null[0m[0m
TestRunCompleteExample 2026-06-04T21:10:35+05:30 command.go:212:       [31m-[0m[0m last_operation          = {
TestRunCompleteExample 2026-06-04T21:10:35+05:30 command.go:212:           [31m-[0m[0m "async"       = "false"
TestRunCompleteExample 2026-06-04T21:10:35+05:30 command.go:212:           [31m-[0m[0m "cancelable"  = "false"
TestRunCompleteExample 2026-06-04T21:10:35+05:30 command.go:212:           [31m-[0m[0m "description" = "Completed create instance operation"
TestRunCompleteExample 2026-06-04T21:10:35+05:30 command.go:212:           [31m-[0m[0m "poll"        = "false"
TestRunCompleteExample 2026-06-04T21:10:35+05:30 command.go:212:           [31m-[0m[0m "state"       = "succeeded"
TestRunCompleteExample 2026-06-04T21:10:35+05:30 command.go:212:           [31m-[0m[0m "type"        = "create"
TestRunCompleteExample 2026-06-04T21:10:35+05:30 command.go:212:         } [90m-> null[0m[0m
TestRunCompleteExample 2026-06-04T21:10:35+05:30 command.go:212:       [31m-[0m[0m location                = "global" [90m-> null[0m[0m
TestRunCompleteExample 2026-06-04T21:10:35+05:30 command.go:212:       [31m-[0m[0m locked                  = false [90m-> null[0m[0m
TestRunCompleteExample 2026-06-04T21:10:35+05:30 command.go:212:       [31m-[0m[0m name                    = "s2s-z7e-cos" [90m-> null[0m[0m
TestRunCompleteExample 2026-06-04T21:10:35+05:30 command.go:212:       [31m-[0m[0m onetime_credentials     = false [90m-> null[0m[0m
TestRunCompleteExample 2026-06-04T21:10:35+05:30 command.go:212:       [31m-[0m[0m plan                    = "standard" [90m-> null[0m[0m
TestRunCompleteExample 2026-06-04T21:10:35+05:30 command.go:212:       [31m-[0m[0m plan_history            = [
TestRunCompleteExample 2026-06-04T21:10:35+05:30 command.go:212:           [31m-[0m[0m {
TestRunCompleteExample 2026-06-04T21:10:35+05:30 command.go:212:               [31m-[0m[0m resource_plan_id = "744bfc56-d12c-4866-88d5-dac9139e0e5d"
TestRunCompleteExample 2026-06-04T21:10:35+05:30 command.go:212:               [31m-[0m[0m start_date       = "2026-06-04T15:38:45.930Z"
TestRunCompleteExample 2026-06-04T21:10:35+05:30 command.go:212:             },
TestRunCompleteExample 2026-06-04T21:10:35+05:30 command.go:212:         ] [90m-> null[0m[0m
TestRunCompleteExample 2026-06-04T21:10:35+05:30 command.go:212:       [31m-[0m[0m resource_aliases_url    = "/v2/resource_instances/95b1d86c-6799-4c05-a0d4-72397a294cb6/resource_aliases" [90m-> null[0m[0m
TestRunCompleteExample 2026-06-04T21:10:35+05:30 command.go:212:       [31m-[0m[0m resource_bindings_url   = "/v2/resource_instances/95b1d86c-6799-4c05-a0d4-72397a294cb6/resource_bindings" [90m-> null[0m[0m
TestRunCompleteExample 2026-06-04T21:10:35+05:30 command.go:212:       [31m-[0m[0m resource_controller_url = "https://cloud.ibm.com/services/" [90m-> null[0m[0m
TestRunCompleteExample 2026-06-04T21:10:35+05:30 command.go:212:       [31m-[0m[0m resource_crn            = "crn:v1:bluemix:public:cloud-object-storage:global:a/abac0df06b644a9cabc6e44f55b3880e:95b1d86c-6799-4c05-a0d4-72397a294cb6::" [90m-> null[0m[0m
TestRunCompleteExample 2026-06-04T21:10:35+05:30 command.go:212:       [31m-[0m[0m resource_group_crn      = "crn:v1:bluemix:public:resource-controller::a/abac0df06b644a9cabc6e44f55b3880e::resource-group:f8bb0fc2a066425b8858d9767136bfa2" [90m-> null[0m[0m
TestRunCompleteExample 2026-06-04T21:10:35+05:30 command.go:212:       [31m-[0m[0m resource_group_id       = "f8bb0fc2a066425b8858d9767136bfa2" [90m-> null[0m[0m
TestRunCompleteExample 2026-06-04T21:10:35+05:30 command.go:212:       [31m-[0m[0m resource_group_name     = "crn:v1:bluemix:public:resource-controller::a/abac0df06b644a9cabc6e44f55b3880e::resource-group:f8bb0fc2a066425b8858d9767136bfa2" [90m-> null[0m[0m
TestRunCompleteExample 2026-06-04T21:10:35+05:30 command.go:212:       [31m-[0m[0m resource_id             = "dff97f5c-bc5e-4455-b470-411c3edbe49c" [90m-> null[0m[0m
TestRunCompleteExample 2026-06-04T21:10:35+05:30 command.go:212:       [31m-[0m[0m resource_keys_url       = "/v2/resource_instances/95b1d86c-6799-4c05-a0d4-72397a294cb6/resource_keys" [90m-> null[0m[0m
TestRunCompleteExample 2026-06-04T21:10:35+05:30 command.go:212:       [31m-[0m[0m resource_name           = "s2s-z7e-cos" [90m-> null[0m[0m
TestRunCompleteExample 2026-06-04T21:10:35+05:30 command.go:212:       [31m-[0m[0m resource_plan_id        = "744bfc56-d12c-4866-88d5-dac9139e0e5d" [90m-> null[0m[0m
TestRunCompleteExample 2026-06-04T21:10:35+05:30 command.go:212:       [31m-[0m[0m resource_status         = "active" [90m-> null[0m[0m
TestRunCompleteExample 2026-06-04T21:10:35+05:30 command.go:212:       [31m-[0m[0m service                 = "cloud-object-storage" [90m-> null[0m[0m
TestRunCompleteExample 2026-06-04T21:10:35+05:30 command.go:212:       [31m-[0m[0m state                   = "active" [90m-> null[0m[0m
TestRunCompleteExample 2026-06-04T21:10:35+05:30 command.go:212:       [31m-[0m[0m status                  = "active" [90m-> null[0m[0m
TestRunCompleteExample 2026-06-04T21:10:35+05:30 command.go:212:       [31m-[0m[0m tags                    = [] [90m-> null[0m[0m
TestRunCompleteExample 2026-06-04T21:10:35+05:30 command.go:212:       [31m-[0m[0m target_crn              = "crn:v1:bluemix:public:globalcatalog::::deployment:744bfc56-d12c-4866-88d5-dac9139e0e5d%3Aglobal" [90m-> null[0m[0m
TestRunCompleteExample 2026-06-04T21:10:35+05:30 command.go:212:       [31m-[0m[0m type                    = "service_instance" [90m-> null[0m[0m
TestRunCompleteExample 2026-06-04T21:10:35+05:30 command.go:212:       [31m-[0m[0m update_at               = "2026-06-04T15:38:48.144Z" [90m-> null[0m[0m
TestRunCompleteExample 2026-06-04T21:10:35+05:30 command.go:212:         [90m# (5 unchanged attributes hidden)[0m[0m
TestRunCompleteExample 2026-06-04T21:10:35+05:30 command.go:212:     }
TestRunCompleteExample 2026-06-04T21:10:35+05:30 command.go:212: 
TestRunCompleteExample 2026-06-04T21:10:35+05:30 command.go:212: [1m  # module.cos_instance.random_string.bucket_name_suffix[0][0m will be [1m[31mdestroyed[0m
TestRunCompleteExample 2026-06-04T21:10:35+05:30 command.go:212: [0m  [31m-[0m[0m resource "random_string" "bucket_name_suffix" {
TestRunCompleteExample 2026-06-04T21:10:35+05:30 command.go:212:       [31m-[0m[0m id          = "tgao" [90m-> null[0m[0m
TestRunCompleteExample 2026-06-04T21:10:35+05:30 command.go:212:       [31m-[0m[0m length      = 4 [90m-> null[0m[0m
TestRunCompleteExample 2026-06-04T21:10:35+05:30 command.go:212:       [31m-[0m[0m lower       = true [90m-> null[0m[0m
TestRunCompleteExample 2026-06-04T21:10:35+05:30 command.go:212:       [31m-[0m[0m min_lower   = 0 [90m-> null[0m[0m
TestRunCompleteExample 2026-06-04T21:10:35+05:30 command.go:212:       [31m-[0m[0m min_numeric = 0 [90m-> null[0m[0m
TestRunCompleteExample 2026-06-04T21:10:35+05:30 command.go:212:       [31m-[0m[0m min_special = 0 [90m-> null[0m[0m
TestRunCompleteExample 2026-06-04T21:10:35+05:30 command.go:212:       [31m-[0m[0m min_upper   = 0 [90m-> null[0m[0m
TestRunCompleteExample 2026-06-04T21:10:35+05:30 command.go:212:       [31m-[0m[0m number      = true [90m-> null[0m[0m
TestRunCompleteExample 2026-06-04T21:10:35+05:30 command.go:212:       [31m-[0m[0m numeric     = true [90m-> null[0m[0m
TestRunCompleteExample 2026-06-04T21:10:35+05:30 command.go:212:       [31m-[0m[0m result      = "tgao" [90m-> null[0m[0m
TestRunCompleteExample 2026-06-04T21:10:35+05:30 command.go:212:       [31m-[0m[0m special     = false [90m-> null[0m[0m
TestRunCompleteExample 2026-06-04T21:10:35+05:30 command.go:212:       [31m-[0m[0m upper       = false [90m-> null[0m[0m
TestRunCompleteExample 2026-06-04T21:10:35+05:30 command.go:212:     }
TestRunCompleteExample 2026-06-04T21:10:35+05:30 command.go:212: 
TestRunCompleteExample 2026-06-04T21:10:35+05:30 command.go:212: [1m  # module.key_protect_instance.ibm_kms_instance_policies.key_protect_instance_policies[0m will be [1m[31mdestroyed[0m
TestRunCompleteExample 2026-06-04T21:10:35+05:30 command.go:212: [0m  [31m-[0m[0m resource "ibm_kms_instance_policies" "key_protect_instance_policies" {
TestRunCompleteExample 2026-06-04T21:10:35+05:30 command.go:212:       [31m-[0m[0m endpoint_type = "public" [90m-> null[0m[0m
TestRunCompleteExample 2026-06-04T21:10:35+05:30 command.go:212:       [31m-[0m[0m id            = "crn:v1:bluemix:public:kms:jp-tok:a/abac0df06b644a9cabc6e44f55b3880e:10ef879d-9f28-4414-ad97-f51435fe32f0::" [90m-> null[0m[0m
TestRunCompleteExample 2026-06-04T21:10:35+05:30 command.go:212:       [31m-[0m[0m instance_id   = "10ef879d-9f28-4414-ad97-f51435fe32f0" [90m-> null[0m[0m
TestRunCompleteExample 2026-06-04T21:10:35+05:30 command.go:212: 
TestRunCompleteExample 2026-06-04T21:10:35+05:30 command.go:212:       [31m-[0m[0m dual_auth_delete {
TestRunCompleteExample 2026-06-04T21:10:35+05:30 command.go:212:           [31m-[0m[0m created_by    = "IBMid-666002IZ2Y" [90m-> null[0m[0m
TestRunCompleteExample 2026-06-04T21:10:35+05:30 command.go:212:           [31m-[0m[0m creation_date = "2026-06-04 15:39:01 +0000 UTC" [90m-> null[0m[0m
TestRunCompleteExample 2026-06-04T21:10:35+05:30 command.go:212:           [31m-[0m[0m enabled       = false [90m-> null[0m[0m
TestRunCompleteExample 2026-06-04T21:10:35+05:30 command.go:212:           [31m-[0m[0m last_updated  = "2026-06-04 15:39:01 +0000 UTC" [90m-> null[0m[0m
TestRunCompleteExample 2026-06-04T21:10:35+05:30 command.go:212:           [31m-[0m[0m updated_by    = "IBMid-666002IZ2Y" [90m-> null[0m[0m
TestRunCompleteExample 2026-06-04T21:10:35+05:30 command.go:212:         }
TestRunCompleteExample 2026-06-04T21:10:35+05:30 command.go:212: 
TestRunCompleteExample 2026-06-04T21:10:35+05:30 command.go:212:       [31m-[0m[0m key_create_import_access {
TestRunCompleteExample 2026-06-04T21:10:35+05:30 command.go:212:           [31m-[0m[0m create_root_key     = true [90m-> null[0m[0m
TestRunCompleteExample 2026-06-04T21:10:35+05:30 command.go:212:           [31m-[0m[0m create_standard_key = true [90m-> null[0m[0m
TestRunCompleteExample 2026-06-04T21:10:35+05:30 command.go:212:           [31m-[0m[0m created_by          = "IBMid-666002IZ2Y" [90m-> null[0m[0m
TestRunCompleteExample 2026-06-04T21:10:35+05:30 command.go:212:           [31m-[0m[0m creation_date       = "2026-06-04 15:39:01 +0000 UTC" [90m-> null[0m[0m
TestRunCompleteExample 2026-06-04T21:10:35+05:30 command.go:212:           [31m-[0m[0m enabled             = true [90m-> null[0m[0m
TestRunCompleteExample 2026-06-04T21:10:35+05:30 command.go:212:           [31m-[0m[0m enforce_token       = false [90m-> null[0m[0m
TestRunCompleteExample 2026-06-04T21:10:35+05:30 command.go:212:           [31m-[0m[0m import_root_key     = true [90m-> null[0m[0m
TestRunCompleteExample 2026-06-04T21:10:35+05:30 command.go:212:           [31m-[0m[0m import_standard_key = true [90m-> null[0m[0m
TestRunCompleteExample 2026-06-04T21:10:35+05:30 command.go:212:           [31m-[0m[0m last_updated        = "2026-06-04 15:39:01 +0000 UTC" [90m-> null[0m[0m
TestRunCompleteExample 2026-06-04T21:10:35+05:30 command.go:212:           [31m-[0m[0m updated_by          = "IBMid-666002IZ2Y" [90m-> null[0m[0m
TestRunCompleteExample 2026-06-04T21:10:35+05:30 command.go:212:         }
TestRunCompleteExample 2026-06-04T21:10:35+05:30 command.go:212: 
TestRunCompleteExample 2026-06-04T21:10:35+05:30 command.go:212:       [31m-[0m[0m metrics {
TestRunCompleteExample 2026-06-04T21:10:35+05:30 command.go:212:           [31m-[0m[0m created_by    = "IBMid-666002IZ2Y" [90m-> null[0m[0m
TestRunCompleteExample 2026-06-04T21:10:35+05:30 command.go:212:           [31m-[0m[0m creation_date = "2026-06-04 15:39:01 +0000 UTC" [90m-> null[0m[0m
TestRunCompleteExample 2026-06-04T21:10:35+05:30 command.go:212:           [31m-[0m[0m enabled       = true [90m-> null[0m[0m
TestRunCompleteExample 2026-06-04T21:10:35+05:30 command.go:212:           [31m-[0m[0m last_updated  = "2026-06-04 15:39:01 +0000 UTC" [90m-> null[0m[0m
TestRunCompleteExample 2026-06-04T21:10:35+05:30 command.go:212:           [31m-[0m[0m updated_by    = "IBMid-666002IZ2Y" [90m-> null[0m[0m
TestRunCompleteExample 2026-06-04T21:10:35+05:30 command.go:212:         }
TestRunCompleteExample 2026-06-04T21:10:35+05:30 command.go:212: 
TestRunCompleteExample 2026-06-04T21:10:35+05:30 command.go:212:       [31m-[0m[0m rotation {
TestRunCompleteExample 2026-06-04T21:10:35+05:30 command.go:212:           [31m-[0m[0m created_by     = "IBMid-666002IZ2Y" [90m-> null[0m[0m
TestRunCompleteExample 2026-06-04T21:10:35+05:30 command.go:212:           [31m-[0m[0m creation_date  = "2026-06-04 15:39:01 +0000 UTC" [90m-> null[0m[0m
TestRunCompleteExample 2026-06-04T21:10:35+05:30 command.go:212:           [31m-[0m[0m enabled        = true [90m-> null[0m[0m
TestRunCompleteExample 2026-06-04T21:10:35+05:30 command.go:212:           [31m-[0m[0m interval_month = 1 [90m-> null[0m[0m
TestRunCompleteExample 2026-06-04T21:10:35+05:30 command.go:212:           [31m-[0m[0m last_updated   = "2026-06-04 15:39:01 +0000 UTC" [90m-> null[0m[0m
TestRunCompleteExample 2026-06-04T21:10:35+05:30 command.go:212:           [31m-[0m[0m updated_by     = "IBMid-666002IZ2Y" [90m-> null[0m[0m
TestRunCompleteExample 2026-06-04T21:10:35+05:30 command.go:212:         }
TestRunCompleteExample 2026-06-04T21:10:35+05:30 command.go:212:     }
TestRunCompleteExample 2026-06-04T21:10:35+05:30 command.go:212: 
TestRunCompleteExample 2026-06-04T21:10:35+05:30 command.go:212: [1m  # module.key_protect_instance.ibm_resource_instance.key_protect_instance[0m will be [1m[31mdestroyed[0m
TestRunCompleteExample 2026-06-04T21:10:35+05:30 command.go:212: [0m  [31m-[0m[0m resource "ibm_resource_instance" "key_protect_instance" {
TestRunCompleteExample 2026-06-04T21:10:35+05:30 command.go:212:       [31m-[0m[0m account_id              = "abac0df06b644a9cabc6e44f55b3880e" [90m-> null[0m[0m
TestRunCompleteExample 2026-06-04T21:10:35+05:30 command.go:212:       [31m-[0m[0m allow_cleanup           = false [90m-> null[0m[0m
TestRunCompleteExample 2026-06-04T21:10:35+05:30 command.go:212:       [31m-[0m[0m created_at              = "2026-06-04T15:38:45.870Z" [90m-> null[0m[0m
TestRunCompleteExample 2026-06-04T21:10:35+05:30 command.go:212:       [31m-[0m[0m created_by              = "IBMid-666002IZ2Y" [90m-> null[0m[0m
TestRunCompleteExample 2026-06-04T21:10:35+05:30 command.go:212:       [31m-[0m[0m crn                     = "crn:v1:bluemix:public:kms:jp-tok:a/abac0df06b644a9cabc6e44f55b3880e:10ef879d-9f28-4414-ad97-f51435fe32f0::" [90m-> null[0m[0m
TestRunCompleteExample 2026-06-04T21:10:35+05:30 command.go:212:       [31m-[0m[0m dashboard_url           = "/keyprotect/crn%3Av1%3Abluemix%3Apublic%3Akms%3Ajp-tok%3Aa%2Fabac0df06b644a9cabc6e44f55b3880e%3A10ef879d-9f28-4414-ad97-f51435fe32f0%3A%3A" [90m-> null[0m[0m
TestRunCompleteExample 2026-06-04T21:10:35+05:30 command.go:212:       [31m-[0m[0m extensions              = {
TestRunCompleteExample 2026-06-04T21:10:35+05:30 command.go:212:           [31m-[0m[0m "endpoints.private" = "https://private.jp-tok.kms.cloud.ibm.com"
TestRunCompleteExample 2026-06-04T21:10:35+05:30 command.go:212:           [31m-[0m[0m "endpoints.public"  = "https://jp-tok.kms.cloud.ibm.com"
TestRunCompleteExample 2026-06-04T21:10:35+05:30 command.go:212:           [31m-[0m[0m "type"              = "multi-tenant"
TestRunCompleteExample 2026-06-04T21:10:35+05:30 command.go:212:         } [90m-> null[0m[0m
TestRunCompleteExample 2026-06-04T21:10:35+05:30 command.go:212:       [31m-[0m[0m guid                    = "10ef879d-9f28-4414-ad97-f51435fe32f0" [90m-> null[0m[0m
TestRunCompleteExample 2026-06-04T21:10:35+05:30 command.go:212:       [31m-[0m[0m id                      = "crn:v1:bluemix:public:kms:jp-tok:a/abac0df06b644a9cabc6e44f55b3880e:10ef879d-9f28-4414-ad97-f51435fe32f0::" [90m-> null[0m[0m
TestRunCompleteExample 2026-06-04T21:10:35+05:30 command.go:212:       [31m-[0m[0m last_operation          = {
TestRunCompleteExample 2026-06-04T21:10:35+05:30 command.go:212:           [31m-[0m[0m "async"       = "false"
TestRunCompleteExample 2026-06-04T21:10:35+05:30 command.go:212:           [31m-[0m[0m "cancelable"  = "false"
TestRunCompleteExample 2026-06-04T21:10:35+05:30 command.go:212:           [31m-[0m[0m "description" = "Completed create instance operation"
TestRunCompleteExample 2026-06-04T21:10:35+05:30 command.go:212:           [31m-[0m[0m "poll"        = "false"
TestRunCompleteExample 2026-06-04T21:10:35+05:30 command.go:212:           [31m-[0m[0m "state"       = "succeeded"
TestRunCompleteExample 2026-06-04T21:10:35+05:30 command.go:212:           [31m-[0m[0m "type"        = "create"
TestRunCompleteExample 2026-06-04T21:10:35+05:30 command.go:212:         } [90m-> null[0m[0m
TestRunCompleteExample 2026-06-04T21:10:35+05:30 command.go:212:       [31m-[0m[0m location                = "jp-tok" [90m-> null[0m[0m
TestRunCompleteExample 2026-06-04T21:10:35+05:30 command.go:212:       [31m-[0m[0m locked                  = false [90m-> null[0m[0m
TestRunCompleteExample 2026-06-04T21:10:35+05:30 command.go:212:       [31m-[0m[0m name                    = "s2s-z7e-key-protect" [90m-> null[0m[0m
TestRunCompleteExample 2026-06-04T21:10:35+05:30 command.go:212:       [31m-[0m[0m onetime_credentials     = false [90m-> null[0m[0m
TestRunCompleteExample 2026-06-04T21:10:35+05:30 command.go:212:       [31m-[0m[0m parameters              = {
TestRunCompleteExample 2026-06-04T21:10:35+05:30 command.go:212:           [31m-[0m[0m "allowed_network" = "public-and-private"
TestRunCompleteExample 2026-06-04T21:10:35+05:30 command.go:212:         } [90m-> null[0m[0m
TestRunCompleteExample 2026-06-04T21:10:35+05:30 command.go:212:       [31m-[0m[0m plan                    = "tiered-pricing" [90m-> null[0m[0m
TestRunCompleteExample 2026-06-04T21:10:35+05:30 command.go:212:       [31m-[0m[0m plan_history            = [
TestRunCompleteExample 2026-06-04T21:10:35+05:30 command.go:212:           [31m-[0m[0m {
TestRunCompleteExample 2026-06-04T21:10:35+05:30 command.go:212:               [31m-[0m[0m resource_plan_id = "eedd3585-90c6-4c8f-be3d-062069e99fc3"
TestRunCompleteExample 2026-06-04T21:10:35+05:30 command.go:212:               [31m-[0m[0m start_date       = "2026-06-04T15:38:45.870Z"
TestRunCompleteExample 2026-06-04T21:10:35+05:30 command.go:212:             },
TestRunCompleteExample 2026-06-04T21:10:35+05:30 command.go:212:         ] [90m-> null[0m[0m
TestRunCompleteExample 2026-06-04T21:10:35+05:30 command.go:212:       [31m-[0m[0m resource_aliases_url    = "/v2/resource_instances/10ef879d-9f28-4414-ad97-f51435fe32f0/resource_aliases" [90m-> null[0m[0m
TestRunCompleteExample 2026-06-04T21:10:35+05:30 command.go:212:       [31m-[0m[0m resource_bindings_url   = "/v2/resource_instances/10ef879d-9f28-4414-ad97-f51435fe32f0/resource_bindings" [90m-> null[0m[0m
TestRunCompleteExample 2026-06-04T21:10:35+05:30 command.go:212:       [31m-[0m[0m resource_controller_url = "https://cloud.ibm.com/services/" [90m-> null[0m[0m
TestRunCompleteExample 2026-06-04T21:10:35+05:30 command.go:212:       [31m-[0m[0m resource_crn            = "crn:v1:bluemix:public:kms:jp-tok:a/abac0df06b644a9cabc6e44f55b3880e:10ef879d-9f28-4414-ad97-f51435fe32f0::" [90m-> null[0m[0m
TestRunCompleteExample 2026-06-04T21:10:35+05:30 command.go:212:       [31m-[0m[0m resource_group_crn      = "crn:v1:bluemix:public:resource-controller::a/abac0df06b644a9cabc6e44f55b3880e::resource-group:f8bb0fc2a066425b8858d9767136bfa2" [90m-> null[0m[0m
TestRunCompleteExample 2026-06-04T21:10:35+05:30 command.go:212:       [31m-[0m[0m resource_group_id       = "f8bb0fc2a066425b8858d9767136bfa2" [90m-> null[0m[0m
TestRunCompleteExample 2026-06-04T21:10:35+05:30 command.go:212:       [31m-[0m[0m resource_group_name     = "crn:v1:bluemix:public:resource-controller::a/abac0df06b644a9cabc6e44f55b3880e::resource-group:f8bb0fc2a066425b8858d9767136bfa2" [90m-> null[0m[0m
TestRunCompleteExample 2026-06-04T21:10:35+05:30 command.go:212:       [31m-[0m[0m resource_id             = "ee41347f-b18e-4ca6-bf80-b5467c63f9a6" [90m-> null[0m[0m
TestRunCompleteExample 2026-06-04T21:10:35+05:30 command.go:212:       [31m-[0m[0m resource_keys_url       = "/v2/resource_instances/10ef879d-9f28-4414-ad97-f51435fe32f0/resource_keys" [90m-> null[0m[0m
TestRunCompleteExample 2026-06-04T21:10:35+05:30 command.go:212:       [31m-[0m[0m resource_name           = "s2s-z7e-key-protect" [90m-> null[0m[0m
TestRunCompleteExample 2026-06-04T21:10:35+05:30 command.go:212:       [31m-[0m[0m resource_plan_id        = "eedd3585-90c6-4c8f-be3d-062069e99fc3" [90m-> null[0m[0m
TestRunCompleteExample 2026-06-04T21:10:35+05:30 command.go:212:       [31m-[0m[0m resource_status         = "active" [90m-> null[0m[0m
TestRunCompleteExample 2026-06-04T21:10:35+05:30 command.go:212:       [31m-[0m[0m service                 = "kms" [90m-> null[0m[0m
TestRunCompleteExample 2026-06-04T21:10:35+05:30 command.go:212:       [31m-[0m[0m state                   = "active" [90m-> null[0m[0m
TestRunCompleteExample 2026-06-04T21:10:35+05:30 command.go:212:       [31m-[0m[0m status                  = "active" [90m-> null[0m[0m
TestRunCompleteExample 2026-06-04T21:10:35+05:30 command.go:212:       [31m-[0m[0m sub_type                = "kms" [90m-> null[0m[0m
TestRunCompleteExample 2026-06-04T21:10:35+05:30 command.go:212:       [31m-[0m[0m tags                    = [] [90m-> null[0m[0m
TestRunCompleteExample 2026-06-04T21:10:35+05:30 command.go:212:       [31m-[0m[0m target_crn              = "crn:v1:bluemix:public:globalcatalog::::deployment:eedd3585-90c6-4c8f-be3d-062069e99fc3%3Ajp-tok" [90m-> null[0m[0m
TestRunCompleteExample 2026-06-04T21:10:35+05:30 command.go:212:       [31m-[0m[0m type                    = "service_instance" [90m-> null[0m[0m
TestRunCompleteExample 2026-06-04T21:10:35+05:30 command.go:212:       [31m-[0m[0m update_at               = "2026-06-04T15:38:47.392Z" [90m-> null[0m[0m
TestRunCompleteExample 2026-06-04T21:10:35+05:30 command.go:212:         [90m# (4 unchanged attributes hidden)[0m[0m
TestRunCompleteExample 2026-06-04T21:10:35+05:30 command.go:212:     }
TestRunCompleteExample 2026-06-04T21:10:35+05:30 command.go:212: 
TestRunCompleteExample 2026-06-04T21:10:35+05:30 command.go:212: [1m  # module.resource_group.ibm_resource_group.resource_group[0][0m will be [1m[31mdestroyed[0m
TestRunCompleteExample 2026-06-04T21:10:35+05:30 command.go:212: [0m  [31m-[0m[0m resource "ibm_resource_group" "resource_group" {
TestRunCompleteExample 2026-06-04T21:10:35+05:30 command.go:212:       [31m-[0m[0m created_at        = "2026-06-04T15:38:39.508Z" [90m-> null[0m[0m
TestRunCompleteExample 2026-06-04T21:10:35+05:30 command.go:212:       [31m-[0m[0m crn               = "crn:v1:bluemix:public:resource-controller::a/abac0df06b644a9cabc6e44f55b3880e::resource-group:f8bb0fc2a066425b8858d9767136bfa2" [90m-> null[0m[0m
TestRunCompleteExample 2026-06-04T21:10:35+05:30 command.go:212:       [31m-[0m[0m default           = false [90m-> null[0m[0m
TestRunCompleteExample 2026-06-04T21:10:35+05:30 command.go:212:       [31m-[0m[0m id                = "f8bb0fc2a066425b8858d9767136bfa2" [90m-> null[0m[0m
TestRunCompleteExample 2026-06-04T21:10:35+05:30 command.go:212:       [31m-[0m[0m name              = "s2s-z7e-resource-group" [90m-> null[0m[0m
TestRunCompleteExample 2026-06-04T21:10:35+05:30 command.go:212:       [31m-[0m[0m quota_id          = "a3d7b8d01e261c24677937c29ab33f3c" [90m-> null[0m[0m
TestRunCompleteExample 2026-06-04T21:10:35+05:30 command.go:212:       [31m-[0m[0m quota_url         = "/v2/quota_definitions/a3d7b8d01e261c24677937c29ab33f3c" [90m-> null[0m[0m
TestRunCompleteExample 2026-06-04T21:10:35+05:30 command.go:212:       [31m-[0m[0m resource_linkages = [] [90m-> null[0m[0m
TestRunCompleteExample 2026-06-04T21:10:35+05:30 command.go:212:       [31m-[0m[0m state             = "ACTIVE" [90m-> null[0m[0m
TestRunCompleteExample 2026-06-04T21:10:35+05:30 command.go:212:       [31m-[0m[0m updated_at        = "2026-06-04T15:38:39.508Z" [90m-> null[0m[0m
TestRunCompleteExample 2026-06-04T21:10:35+05:30 command.go:212:     }
TestRunCompleteExample 2026-06-04T21:10:35+05:30 command.go:212: 
TestRunCompleteExample 2026-06-04T21:10:35+05:30 command.go:212: [1m  # module.service_auth_cbr_rules.ibm_iam_authorization_policy.auth_policies["scenario-both-attrs"][0m will be [1m[31mdestroyed[0m
TestRunCompleteExample 2026-06-04T21:10:35+05:30 command.go:212: [0m  [31m-[0m[0m resource "ibm_iam_authorization_policy" "auth_policies" {
TestRunCompleteExample 2026-06-04T21:10:35+05:30 command.go:212:       [31m-[0m[0m description                 = "Scenario: Both dynamic attributes - COS account to KMS keys" [90m-> null[0m[0m
TestRunCompleteExample 2026-06-04T21:10:35+05:30 command.go:212:       [31m-[0m[0m id                          = "951d6ff4-a347-45a6-9b60-909eff8ffdc9" [90m-> null[0m[0m
TestRunCompleteExample 2026-06-04T21:10:35+05:30 command.go:212:       [31m-[0m[0m roles                       = [
TestRunCompleteExample 2026-06-04T21:10:35+05:30 command.go:212:           [31m-[0m[0m "Reader",
TestRunCompleteExample 2026-06-04T21:10:35+05:30 command.go:212:         ] [90m-> null[0m[0m
TestRunCompleteExample 2026-06-04T21:10:35+05:30 command.go:212:       [31m-[0m[0m source_service_account      = "abac0df06b644a9cabc6e44f55b3880e" [90m-> null[0m[0m
TestRunCompleteExample 2026-06-04T21:10:35+05:30 command.go:212:       [31m-[0m[0m source_service_name         = "cloud-object-storage" [90m-> null[0m[0m
TestRunCompleteExample 2026-06-04T21:10:35+05:30 command.go:212:       [31m-[0m[0m target_resource_type        = "key" [90m-> null[0m[0m
TestRunCompleteExample 2026-06-04T21:10:35+05:30 command.go:212:       [31m-[0m[0m target_service_name         = "kms" [90m-> null[0m[0m
TestRunCompleteExample 2026-06-04T21:10:35+05:30 command.go:212:       [31m-[0m[0m transaction_id              = "87b645b2cfb74fd085d7b4b82e7dbd47" [90m-> null[0m[0m
TestRunCompleteExample 2026-06-04T21:10:35+05:30 command.go:212:         [90m# (5 unchanged attributes hidden)[0m[0m
TestRunCompleteExample 2026-06-04T21:10:35+05:30 command.go:212: 
TestRunCompleteExample 2026-06-04T21:10:35+05:30 command.go:212:       [31m-[0m[0m resource_attributes {
TestRunCompleteExample 2026-06-04T21:10:35+05:30 command.go:212:           [31m-[0m[0m name     = "accountId" [90m-> null[0m[0m
TestRunCompleteExample 2026-06-04T21:10:35+05:30 command.go:212:           [31m-[0m[0m operator = "stringEquals" [90m-> null[0m[0m
TestRunCompleteExample 2026-06-04T21:10:35+05:30 command.go:212:           [31m-[0m[0m value    = "abac0df06b644a9cabc6e44f55b3880e" [90m-> null[0m[0m
TestRunCompleteExample 2026-06-04T21:10:35+05:30 command.go:212:         }
TestRunCompleteExample 2026-06-04T21:10:35+05:30 command.go:212:       [31m-[0m[0m resource_attributes {
TestRunCompleteExample 2026-06-04T21:10:35+05:30 command.go:212:           [31m-[0m[0m name     = "resourceType" [90m-> null[0m[0m
TestRunCompleteExample 2026-06-04T21:10:35+05:30 command.go:212:           [31m-[0m[0m operator = "stringEquals" [90m-> null[0m[0m
TestRunCompleteExample 2026-06-04T21:10:35+05:30 command.go:212:           [31m-[0m[0m value    = "key" [90m-> null[0m[0m
TestRunCompleteExample 2026-06-04T21:10:35+05:30 command.go:212:         }
TestRunCompleteExample 2026-06-04T21:10:35+05:30 command.go:212:       [31m-[0m[0m resource_attributes {
TestRunCompleteExample 2026-06-04T21:10:35+05:30 command.go:212:           [31m-[0m[0m name     = "serviceName" [90m-> null[0m[0m
TestRunCompleteExample 2026-06-04T21:10:35+05:30 command.go:212:           [31m-[0m[0m operator = "stringEquals" [90m-> null[0m[0m
TestRunCompleteExample 2026-06-04T21:10:35+05:30 command.go:212:           [31m-[0m[0m value    = "kms" [90m-> null[0m[0m
TestRunCompleteExample 2026-06-04T21:10:35+05:30 command.go:212:         }
TestRunCompleteExample 2026-06-04T21:10:35+05:30 command.go:212: 
TestRunCompleteExample 2026-06-04T21:10:35+05:30 command.go:212:       [31m-[0m[0m subject_attributes {
TestRunCompleteExample 2026-06-04T21:10:35+05:30 command.go:212:           [31m-[0m[0m name     = "accountId" [90m-> null[0m[0m
TestRunCompleteExample 2026-06-04T21:10:35+05:30 command.go:212:           [31m-[0m[0m operator = "stringEquals" [90m-> null[0m[0m
TestRunCompleteExample 2026-06-04T21:10:35+05:30 command.go:212:           [31m-[0m[0m value    = "abac0df06b644a9cabc6e44f55b3880e" [90m-> null[0m[0m
TestRunCompleteExample 2026-06-04T21:10:35+05:30 command.go:212:         }
TestRunCompleteExample 2026-06-04T21:10:35+05:30 command.go:212:       [31m-[0m[0m subject_attributes {
TestRunCompleteExample 2026-06-04T21:10:35+05:30 command.go:212:           [31m-[0m[0m name     = "serviceName" [90m-> null[0m[0m
TestRunCompleteExample 2026-06-04T21:10:35+05:30 command.go:212:           [31m-[0m[0m operator = "stringEquals" [90m-> null[0m[0m
TestRunCompleteExample 2026-06-04T21:10:35+05:30 command.go:212:           [31m-[0m[0m value    = "cloud-object-storage" [90m-> null[0m[0m
TestRunCompleteExample 2026-06-04T21:10:35+05:30 command.go:212:         }
TestRunCompleteExample 2026-06-04T21:10:35+05:30 command.go:212:     }
TestRunCompleteExample 2026-06-04T21:10:35+05:30 command.go:212: 
TestRunCompleteExample 2026-06-04T21:10:35+05:30 command.go:212: [1m  # module.service_auth_cbr_rules.ibm_iam_authorization_policy.auth_policies["scenario-resource-attrs"][0m will be [1m[31mdestroyed[0m
TestRunCompleteExample 2026-06-04T21:10:35+05:30 command.go:212: [0m  [31m-[0m[0m resource "ibm_iam_authorization_policy" "auth_policies" {
TestRunCompleteExample 2026-06-04T21:10:35+05:30 command.go:212:       [31m-[0m[0m description                 = "Scenario: Static source with dynamic resource - COS instance to KMS account" [90m-> null[0m[0m
TestRunCompleteExample 2026-06-04T21:10:35+05:30 command.go:212:       [31m-[0m[0m id                          = "d649381e-6b45-4a1b-9b83-c936cbb0f521" [90m-> null[0m[0m
TestRunCompleteExample 2026-06-04T21:10:35+05:30 command.go:212:       [31m-[0m[0m roles                       = [
TestRunCompleteExample 2026-06-04T21:10:35+05:30 command.go:212:           [31m-[0m[0m "Reader",
TestRunCompleteExample 2026-06-04T21:10:35+05:30 command.go:212:         ] [90m-> null[0m[0m
TestRunCompleteExample 2026-06-04T21:10:35+05:30 command.go:212:       [31m-[0m[0m source_resource_instance_id = "95b1d86c-6799-4c05-a0d4-72397a294cb6" [90m-> null[0m[0m
TestRunCompleteExample 2026-06-04T21:10:35+05:30 command.go:212:       [31m-[0m[0m source_service_account      = "abac0df06b644a9cabc6e44f55b3880e" [90m-> null[0m[0m
TestRunCompleteExample 2026-06-04T21:10:35+05:30 command.go:212:       [31m-[0m[0m source_service_name         = "cloud-object-storage" [90m-> null[0m[0m
TestRunCompleteExample 2026-06-04T21:10:35+05:30 command.go:212:       [31m-[0m[0m target_service_name         = "kms" [90m-> null[0m[0m
TestRunCompleteExample 2026-06-04T21:10:35+05:30 command.go:212:       [31m-[0m[0m transaction_id              = "9daa0d17796a4e2783a7cad220aea043" [90m-> null[0m[0m
TestRunCompleteExample 2026-06-04T21:10:35+05:30 command.go:212:         [90m# (5 unchanged attributes hidden)[0m[0m
TestRunCompleteExample 2026-06-04T21:10:35+05:30 command.go:212: 
TestRunCompleteExample 2026-06-04T21:10:35+05:30 command.go:212:       [31m-[0m[0m resource_attributes {
TestRunCompleteExample 2026-06-04T21:10:35+05:30 command.go:212:           [31m-[0m[0m name     = "accountId" [90m-> null[0m[0m
TestRunCompleteExample 2026-06-04T21:10:35+05:30 command.go:212:           [31m-[0m[0m operator = "stringEquals" [90m-> null[0m[0m
TestRunCompleteExample 2026-06-04T21:10:35+05:30 command.go:212:           [31m-[0m[0m value    = "abac0df06b644a9cabc6e44f55b3880e" [90m-> null[0m[0m
TestRunCompleteExample 2026-06-04T21:10:35+05:30 command.go:212:         }
TestRunCompleteExample 2026-06-04T21:10:35+05:30 command.go:212:       [31m-[0m[0m resource_attributes {
TestRunCompleteExample 2026-06-04T21:10:35+05:30 command.go:212:           [31m-[0m[0m name     = "serviceName" [90m-> null[0m[0m
TestRunCompleteExample 2026-06-04T21:10:35+05:30 command.go:212:           [31m-[0m[0m operator = "stringEquals" [90m-> null[0m[0m
TestRunCompleteExample 2026-06-04T21:10:35+05:30 command.go:212:           [31m-[0m[0m value    = "kms" [90m-> null[0m[0m
TestRunCompleteExample 2026-06-04T21:10:35+05:30 command.go:212:         }
TestRunCompleteExample 2026-06-04T21:10:35+05:30 command.go:212:     }
TestRunCompleteExample 2026-06-04T21:10:35+05:30 command.go:212: 
TestRunCompleteExample 2026-06-04T21:10:35+05:30 command.go:212: [1m  # module.service_auth_cbr_rules.ibm_iam_authorization_policy.auth_policies["scenario-subject-attrs"][0m will be [1m[31mdestroyed[0m
TestRunCompleteExample 2026-06-04T21:10:35+05:30 command.go:212: [0m  [31m-[0m[0m resource "ibm_iam_authorization_policy" "auth_policies" {
TestRunCompleteExample 2026-06-04T21:10:35+05:30 command.go:212:       [31m-[0m[0m description                 = "Scenario: Dynamic subject with static target - COS account to KMS RG" [90m-> null[0m[0m
TestRunCompleteExample 2026-06-04T21:10:35+05:30 command.go:212:       [31m-[0m[0m id                          = "81a95161-3637-47c3-a5b2-e54804404779" [90m-> null[0m[0m
TestRunCompleteExample 2026-06-04T21:10:35+05:30 command.go:212:       [31m-[0m[0m roles                       = [
TestRunCompleteExample 2026-06-04T21:10:35+05:30 command.go:212:           [31m-[0m[0m "Reader",
TestRunCompleteExample 2026-06-04T21:10:35+05:30 command.go:212:         ] [90m-> null[0m[0m
TestRunCompleteExample 2026-06-04T21:10:35+05:30 command.go:212:       [31m-[0m[0m source_service_account      = "abac0df06b644a9cabc6e44f55b3880e" [90m-> null[0m[0m
TestRunCompleteExample 2026-06-04T21:10:35+05:30 command.go:212:       [31m-[0m[0m source_service_name         = "cloud-object-storage" [90m-> null[0m[0m
TestRunCompleteExample 2026-06-04T21:10:35+05:30 command.go:212:       [31m-[0m[0m target_resource_group_id    = "f8bb0fc2a066425b8858d9767136bfa2" [90m-> null[0m[0m
TestRunCompleteExample 2026-06-04T21:10:35+05:30 command.go:212:       [31m-[0m[0m target_service_name         = "kms" [90m-> null[0m[0m
TestRunCompleteExample 2026-06-04T21:10:35+05:30 command.go:212:       [31m-[0m[0m transaction_id              = "60c0a258d9af4ee886d313eb0ac5e721" [90m-> null[0m[0m
TestRunCompleteExample 2026-06-04T21:10:35+05:30 command.go:212:         [90m# (5 unchanged attributes hidden)[0m[0m
TestRunCompleteExample 2026-06-04T21:10:35+05:30 command.go:212: 
TestRunCompleteExample 2026-06-04T21:10:35+05:30 command.go:212:       [31m-[0m[0m resource_attributes {
TestRunCompleteExample 2026-06-04T21:10:35+05:30 command.go:212:           [31m-[0m[0m name     = "accountId" [90m-> null[0m[0m
TestRunCompleteExample 2026-06-04T21:10:35+05:30 command.go:212:           [31m-[0m[0m operator = "stringEquals" [90m-> null[0m[0m
TestRunCompleteExample 2026-06-04T21:10:35+05:30 command.go:212:           [31m-[0m[0m value    = "abac0df06b644a9cabc6e44f55b3880e" [90m-> null[0m[0m
TestRunCompleteExample 2026-06-04T21:10:35+05:30 command.go:212:         }
TestRunCompleteExample 2026-06-04T21:10:35+05:30 command.go:212:       [31m-[0m[0m resource_attributes {
TestRunCompleteExample 2026-06-04T21:10:35+05:30 command.go:212:           [31m-[0m[0m name     = "resourceGroupId" [90m-> null[0m[0m
TestRunCompleteExample 2026-06-04T21:10:35+05:30 command.go:212:           [31m-[0m[0m operator = "stringEquals" [90m-> null[0m[0m
TestRunCompleteExample 2026-06-04T21:10:35+05:30 command.go:212:           [31m-[0m[0m value    = "f8bb0fc2a066425b8858d9767136bfa2" [90m-> null[0m[0m
TestRunCompleteExample 2026-06-04T21:10:35+05:30 command.go:212:         }
TestRunCompleteExample 2026-06-04T21:10:35+05:30 command.go:212:       [31m-[0m[0m resource_attributes {
TestRunCompleteExample 2026-06-04T21:10:35+05:30 command.go:212:           [31m-[0m[0m name     = "serviceName" [90m-> null[0m[0m
TestRunCompleteExample 2026-06-04T21:10:35+05:30 command.go:212:           [31m-[0m[0m operator = "stringEquals" [90m-> null[0m[0m
TestRunCompleteExample 2026-06-04T21:10:35+05:30 command.go:212:           [31m-[0m[0m value    = "kms" [90m-> null[0m[0m
TestRunCompleteExample 2026-06-04T21:10:35+05:30 command.go:212:         }
TestRunCompleteExample 2026-06-04T21:10:35+05:30 command.go:212: 
TestRunCompleteExample 2026-06-04T21:10:35+05:30 command.go:212:       [31m-[0m[0m subject_attributes {
TestRunCompleteExample 2026-06-04T21:10:35+05:30 command.go:212:           [31m-[0m[0m name     = "accountId" [90m-> null[0m[0m
TestRunCompleteExample 2026-06-04T21:10:35+05:30 command.go:212:           [31m-[0m[0m operator = "stringEquals" [90m-> null[0m[0m
TestRunCompleteExample 2026-06-04T21:10:35+05:30 command.go:212:           [31m-[0m[0m value    = "abac0df06b644a9cabc6e44f55b3880e" [90m-> null[0m[0m
TestRunCompleteExample 2026-06-04T21:10:35+05:30 command.go:212:         }
TestRunCompleteExample 2026-06-04T21:10:35+05:30 command.go:212:       [31m-[0m[0m subject_attributes {
TestRunCompleteExample 2026-06-04T21:10:35+05:30 command.go:212:           [31m-[0m[0m name     = "serviceName" [90m-> null[0m[0m
TestRunCompleteExample 2026-06-04T21:10:35+05:30 command.go:212:           [31m-[0m[0m operator = "stringEquals" [90m-> null[0m[0m
TestRunCompleteExample 2026-06-04T21:10:35+05:30 command.go:212:           [31m-[0m[0m value    = "cloud-object-storage" [90m-> null[0m[0m
TestRunCompleteExample 2026-06-04T21:10:35+05:30 command.go:212:         }
TestRunCompleteExample 2026-06-04T21:10:35+05:30 command.go:212:     }
TestRunCompleteExample 2026-06-04T21:10:35+05:30 command.go:212: 
TestRunCompleteExample 2026-06-04T21:10:35+05:30 command.go:212: [1m  # module.service_auth_cbr_rules.ibm_iam_authorization_policy.auth_policies["test-policy-1"][0m will be [1m[31mdestroyed[0m
TestRunCompleteExample 2026-06-04T21:10:35+05:30 command.go:212: [0m  [31m-[0m[0m resource "ibm_iam_authorization_policy" "auth_policies" {
TestRunCompleteExample 2026-06-04T21:10:35+05:30 command.go:212:       [31m-[0m[0m description                 = "This is a test policy locked to 2 instance IDs" [90m-> null[0m[0m
TestRunCompleteExample 2026-06-04T21:10:35+05:30 command.go:212:       [31m-[0m[0m id                          = "b5e65a9f-4b5e-4122-9dfa-f0193babd1af" [90m-> null[0m[0m
TestRunCompleteExample 2026-06-04T21:10:35+05:30 command.go:212:       [31m-[0m[0m roles                       = [
TestRunCompleteExample 2026-06-04T21:10:35+05:30 command.go:212:           [31m-[0m[0m "Reader",
TestRunCompleteExample 2026-06-04T21:10:35+05:30 command.go:212:         ] [90m-> null[0m[0m
TestRunCompleteExample 2026-06-04T21:10:35+05:30 command.go:212:       [31m-[0m[0m source_resource_instance_id = "95b1d86c-6799-4c05-a0d4-72397a294cb6" [90m-> null[0m[0m
TestRunCompleteExample 2026-06-04T21:10:35+05:30 command.go:212:       [31m-[0m[0m source_service_account      = "abac0df06b644a9cabc6e44f55b3880e" [90m-> null[0m[0m
TestRunCompleteExample 2026-06-04T21:10:35+05:30 command.go:212:       [31m-[0m[0m source_service_name         = "cloud-object-storage" [90m-> null[0m[0m
TestRunCompleteExample 2026-06-04T21:10:35+05:30 command.go:212:       [31m-[0m[0m target_resource_instance_id = "10ef879d-9f28-4414-ad97-f51435fe32f0" [90m-> null[0m[0m
TestRunCompleteExample 2026-06-04T21:10:35+05:30 command.go:212:       [31m-[0m[0m target_service_name         = "kms" [90m-> null[0m[0m
TestRunCompleteExample 2026-06-04T21:10:35+05:30 command.go:212:       [31m-[0m[0m transaction_id              = "eed31b216d60463691cea4e69322f984" [90m-> null[0m[0m
TestRunCompleteExample 2026-06-04T21:10:35+05:30 command.go:212:         [90m# (4 unchanged attributes hidden)[0m[0m
TestRunCompleteExample 2026-06-04T21:10:35+05:30 command.go:212: 
TestRunCompleteExample 2026-06-04T21:10:35+05:30 command.go:212:       [31m-[0m[0m resource_attributes {
TestRunCompleteExample 2026-06-04T21:10:35+05:30 command.go:212:           [31m-[0m[0m name     = "accountId" [90m-> null[0m[0m
TestRunCompleteExample 2026-06-04T21:10:35+05:30 command.go:212:           [31m-[0m[0m operator = "stringEquals" [90m-> null[0m[0m
TestRunCompleteExample 2026-06-04T21:10:35+05:30 command.go:212:           [31m-[0m[0m value    = "abac0df06b644a9cabc6e44f55b3880e" [90m-> null[0m[0m
TestRunCompleteExample 2026-06-04T21:10:35+05:30 command.go:212:         }
TestRunCompleteExample 2026-06-04T21:10:35+05:30 command.go:212:       [31m-[0m[0m resource_attributes {
TestRunCompleteExample 2026-06-04T21:10:35+05:30 command.go:212:           [31m-[0m[0m name     = "serviceInstance" [90m-> null[0m[0m
TestRunCompleteExample 2026-06-04T21:10:35+05:30 command.go:212:           [31m-[0m[0m operator = "stringEquals" [90m-> null[0m[0m
TestRunCompleteExample 2026-06-04T21:10:35+05:30 command.go:212:           [31m-[0m[0m value    = "10ef879d-9f28-4414-ad97-f51435fe32f0" [90m-> null[0m[0m
TestRunCompleteExample 2026-06-04T21:10:35+05:30 command.go:212:         }
TestRunCompleteExample 2026-06-04T21:10:35+05:30 command.go:212:       [31m-[0m[0m resource_attributes {
TestRunCompleteExample 2026-06-04T21:10:35+05:30 command.go:212:           [31m-[0m[0m name     = "serviceName" [90m-> null[0m[0m
TestRunCompleteExample 2026-06-04T21:10:35+05:30 command.go:212:           [31m-[0m[0m operator = "stringEquals" [90m-> null[0m[0m
TestRunCompleteExample 2026-06-04T21:10:35+05:30 command.go:212:           [31m-[0m[0m value    = "kms" [90m-> null[0m[0m
TestRunCompleteExample 2026-06-04T21:10:35+05:30 command.go:212:         }
TestRunCompleteExample 2026-06-04T21:10:35+05:30 command.go:212:     }
TestRunCompleteExample 2026-06-04T21:10:35+05:30 command.go:212: 
TestRunCompleteExample 2026-06-04T21:10:35+05:30 command.go:212: [1m  # module.service_auth_cbr_rules.ibm_iam_authorization_policy.auth_policies["test-policy-2"][0m will be [1m[31mdestroyed[0m
TestRunCompleteExample 2026-06-04T21:10:35+05:30 command.go:212: [0m  [31m-[0m[0m resource "ibm_iam_authorization_policy" "auth_policies" {
TestRunCompleteExample 2026-06-04T21:10:35+05:30 command.go:212:       [31m-[0m[0m description                 = "This is a test policy locked to target instance ID" [90m-> null[0m[0m
TestRunCompleteExample 2026-06-04T21:10:35+05:30 command.go:212:       [31m-[0m[0m id                          = "ef84b8de-4737-4d92-8295-162f74e2ba0b" [90m-> null[0m[0m
TestRunCompleteExample 2026-06-04T21:10:35+05:30 command.go:212:       [31m-[0m[0m roles                       = [
TestRunCompleteExample 2026-06-04T21:10:35+05:30 command.go:212:           [31m-[0m[0m "Reader",
TestRunCompleteExample 2026-06-04T21:10:35+05:30 command.go:212:         ] [90m-> null[0m[0m
TestRunCompleteExample 2026-06-04T21:10:35+05:30 command.go:212:       [31m-[0m[0m source_resource_group_id    = "f8bb0fc2a066425b8858d9767136bfa2" [90m-> null[0m[0m
TestRunCompleteExample 2026-06-04T21:10:35+05:30 command.go:212:       [31m-[0m[0m source_service_account      = "abac0df06b644a9cabc6e44f55b3880e" [90m-> null[0m[0m
TestRunCompleteExample 2026-06-04T21:10:35+05:30 command.go:212:       [31m-[0m[0m source_service_name         = "cloud-object-storage" [90m-> null[0m[0m
TestRunCompleteExample 2026-06-04T21:10:35+05:30 command.go:212:       [31m-[0m[0m target_resource_instance_id = "10ef879d-9f28-4414-ad97-f51435fe32f0" [90m-> null[0m[0m
TestRunCompleteExample 2026-06-04T21:10:35+05:30 command.go:212:       [31m-[0m[0m target_service_name         = "kms" [90m-> null[0m[0m
TestRunCompleteExample 2026-06-04T21:10:35+05:30 command.go:212:       [31m-[0m[0m transaction_id              = "6de373f3833d46b4bb6d3027a99117dd" [90m-> null[0m[0m
TestRunCompleteExample 2026-06-04T21:10:35+05:30 command.go:212:         [90m# (4 unchanged attributes hidden)[0m[0m
TestRunCompleteExample 2026-06-04T21:10:35+05:30 command.go:212: 
TestRunCompleteExample 2026-06-04T21:10:35+05:30 command.go:212:       [31m-[0m[0m resource_attributes {
TestRunCompleteExample 2026-06-04T21:10:35+05:30 command.go:212:           [31m-[0m[0m name     = "accountId" [90m-> null[0m[0m
TestRunCompleteExample 2026-06-04T21:10:35+05:30 command.go:212:           [31m-[0m[0m operator = "stringEquals" [90m-> null[0m[0m
TestRunCompleteExample 2026-06-04T21:10:35+05:30 command.go:212:           [31m-[0m[0m value    = "abac0df06b644a9cabc6e44f55b3880e" [90m-> null[0m[0m
TestRunCompleteExample 2026-06-04T21:10:35+05:30 command.go:212:         }
TestRunCompleteExample 2026-06-04T21:10:35+05:30 command.go:212:       [31m-[0m[0m resource_attributes {
TestRunCompleteExample 2026-06-04T21:10:35+05:30 command.go:212:           [31m-[0m[0m name     = "serviceInstance" [90m-> null[0m[0m
TestRunCompleteExample 2026-06-04T21:10:35+05:30 command.go:212:           [31m-[0m[0m operator = "stringEquals" [90m-> null[0m[0m
TestRunCompleteExample 2026-06-04T21:10:35+05:30 command.go:212:           [31m-[0m[0m value    = "10ef879d-9f28-4414-ad97-f51435fe32f0" [90m-> null[0m[0m
TestRunCompleteExample 2026-06-04T21:10:35+05:30 command.go:212:         }
TestRunCompleteExample 2026-06-04T21:10:35+05:30 command.go:212:       [31m-[0m[0m resource_attributes {
TestRunCompleteExample 2026-06-04T21:10:35+05:30 command.go:212:           [31m-[0m[0m name     = "serviceName" [90m-> null[0m[0m
TestRunCompleteExample 2026-06-04T21:10:35+05:30 command.go:212:           [31m-[0m[0m operator = "stringEquals" [90m-> null[0m[0m
TestRunCompleteExample 2026-06-04T21:10:35+05:30 command.go:212:           [31m-[0m[0m value    = "kms" [90m-> null[0m[0m
TestRunCompleteExample 2026-06-04T21:10:35+05:30 command.go:212:         }
TestRunCompleteExample 2026-06-04T21:10:35+05:30 command.go:212:     }
TestRunCompleteExample 2026-06-04T21:10:35+05:30 command.go:212: 
TestRunCompleteExample 2026-06-04T21:10:35+05:30 command.go:212: [1m  # module.service_auth_cbr_rules.ibm_iam_authorization_policy.auth_policies["test-policy-3"][0m will be [1m[31mdestroyed[0m
TestRunCompleteExample 2026-06-04T21:10:35+05:30 command.go:212: [0m  [31m-[0m[0m resource "ibm_iam_authorization_policy" "auth_policies" {
TestRunCompleteExample 2026-06-04T21:10:35+05:30 command.go:212:       [31m-[0m[0m description                 = "This is a test policy locked to source instance ID" [90m-> null[0m[0m
TestRunCompleteExample 2026-06-04T21:10:35+05:30 command.go:212:       [31m-[0m[0m id                          = "2db5884c-f47f-4083-9689-eec13240bdef" [90m-> null[0m[0m
TestRunCompleteExample 2026-06-04T21:10:35+05:30 command.go:212:       [31m-[0m[0m roles                       = [
TestRunCompleteExample 2026-06-04T21:10:35+05:30 command.go:212:           [31m-[0m[0m "Reader",
TestRunCompleteExample 2026-06-04T21:10:35+05:30 command.go:212:         ] [90m-> null[0m[0m
TestRunCompleteExample 2026-06-04T21:10:35+05:30 command.go:212:       [31m-[0m[0m source_resource_instance_id = "95b1d86c-6799-4c05-a0d4-72397a294cb6" [90m-> null[0m[0m
TestRunCompleteExample 2026-06-04T21:10:35+05:30 command.go:212:       [31m-[0m[0m source_service_account      = "abac0df06b644a9cabc6e44f55b3880e" [90m-> null[0m[0m
TestRunCompleteExample 2026-06-04T21:10:35+05:30 command.go:212:       [31m-[0m[0m source_service_name         = "cloud-object-storage" [90m-> null[0m[0m
TestRunCompleteExample 2026-06-04T21:10:35+05:30 command.go:212:       [31m-[0m[0m target_resource_group_id    = "f8bb0fc2a066425b8858d9767136bfa2" [90m-> null[0m[0m
TestRunCompleteExample 2026-06-04T21:10:35+05:30 command.go:212:       [31m-[0m[0m target_service_name         = "kms" [90m-> null[0m[0m
TestRunCompleteExample 2026-06-04T21:10:35+05:30 command.go:212:       [31m-[0m[0m transaction_id              = "db79716835a746c5b4d75cb14f2806e1" [90m-> null[0m[0m
TestRunCompleteExample 2026-06-04T21:10:35+05:30 command.go:212:         [90m# (4 unchanged attributes hidden)[0m[0m
TestRunCompleteExample 2026-06-04T21:10:35+05:30 command.go:212: 
TestRunCompleteExample 2026-06-04T21:10:35+05:30 command.go:212:       [31m-[0m[0m resource_attributes {
TestRunCompleteExample 2026-06-04T21:10:35+05:30 command.go:212:           [31m-[0m[0m name     = "accountId" [90m-> null[0m[0m
TestRunCompleteExample 2026-06-04T21:10:35+05:30 command.go:212:           [31m-[0m[0m operator = "stringEquals" [90m-> null[0m[0m
TestRunCompleteExample 2026-06-04T21:10:35+05:30 command.go:212:           [31m-[0m[0m value    = "abac0df06b644a9cabc6e44f55b3880e" [90m-> null[0m[0m
TestRunCompleteExample 2026-06-04T21:10:35+05:30 command.go:212:         }
TestRunCompleteExample 2026-06-04T21:10:35+05:30 command.go:212:       [31m-[0m[0m resource_attributes {
TestRunCompleteExample 2026-06-04T21:10:35+05:30 command.go:212:           [31m-[0m[0m name     = "resourceGroupId" [90m-> null[0m[0m
TestRunCompleteExample 2026-06-04T21:10:35+05:30 command.go:212:           [31m-[0m[0m operator = "stringEquals" [90m-> null[0m[0m
TestRunCompleteExample 2026-06-04T21:10:35+05:30 command.go:212:           [31m-[0m[0m value    = "f8bb0fc2a066425b8858d9767136bfa2" [90m-> null[0m[0m
TestRunCompleteExample 2026-06-04T21:10:35+05:30 command.go:212:         }
TestRunCompleteExample 2026-06-04T21:10:35+05:30 command.go:212:       [31m-[0m[0m resource_attributes {
TestRunCompleteExample 2026-06-04T21:10:35+05:30 command.go:212:           [31m-[0m[0m name     = "serviceName" [90m-> null[0m[0m
TestRunCompleteExample 2026-06-04T21:10:35+05:30 command.go:212:           [31m-[0m[0m operator = "stringEquals" [90m-> null[0m[0m
TestRunCompleteExample 2026-06-04T21:10:35+05:30 command.go:212:           [31m-[0m[0m value    = "kms" [90m-> null[0m[0m
TestRunCompleteExample 2026-06-04T21:10:35+05:30 command.go:212:         }
TestRunCompleteExample 2026-06-04T21:10:35+05:30 command.go:212:     }
TestRunCompleteExample 2026-06-04T21:10:35+05:30 command.go:212: 
TestRunCompleteExample 2026-06-04T21:10:35+05:30 command.go:212: [1m  # module.service_auth_cbr_rules.module.cbr_rules[0].module.cbr_rule[0].ibm_cbr_rule.cbr_rule[0m will be [1m[31mdestroyed[0m
TestRunCompleteExample 2026-06-04T21:10:35+05:30 command.go:212: [0m  [31m-[0m[0m resource "ibm_cbr_rule" "cbr_rule" {
TestRunCompleteExample 2026-06-04T21:10:35+05:30 command.go:212:       [31m-[0m[0m created_at          = "2026-06-04T15:39:14.000Z" [90m-> null[0m[0m
TestRunCompleteExample 2026-06-04T21:10:35+05:30 command.go:212:       [31m-[0m[0m created_by_id       = "IBMid-666002IZ2Y" [90m-> null[0m[0m
TestRunCompleteExample 2026-06-04T21:10:35+05:30 command.go:212:       [31m-[0m[0m crn                 = "crn:v1:bluemix:public:context-based-restrictions:global:a/abac0df06b644a9cabc6e44f55b3880e::rule:454687a11c8b26961cdbf52e617663fa" [90m-> null[0m[0m
TestRunCompleteExample 2026-06-04T21:10:35+05:30 command.go:212:       [31m-[0m[0m description         = "s2s-z7e-kms-serviceprofile-rule" [90m-> null[0m[0m
TestRunCompleteExample 2026-06-04T21:10:35+05:30 command.go:212:       [31m-[0m[0m enforcement_mode    = "report" [90m-> null[0m[0m
TestRunCompleteExample 2026-06-04T21:10:35+05:30 command.go:212:       [31m-[0m[0m etag                = "1-d83f160f4630b7716bca06b6219b7162" [90m-> null[0m[0m
TestRunCompleteExample 2026-06-04T21:10:35+05:30 command.go:212:       [31m-[0m[0m href                = "https://cbr.cloud.ibm.com/v1/rules/454687a11c8b26961cdbf52e617663fa" [90m-> null[0m[0m
TestRunCompleteExample 2026-06-04T21:10:35+05:30 command.go:212:       [31m-[0m[0m id                  = "454687a11c8b26961cdbf52e617663fa" [90m-> null[0m[0m
TestRunCompleteExample 2026-06-04T21:10:35+05:30 command.go:212:       [31m-[0m[0m last_modified_at    = "2026-06-04T15:39:14.000Z" [90m-> null[0m[0m
TestRunCompleteExample 2026-06-04T21:10:35+05:30 command.go:212:       [31m-[0m[0m last_modified_by_id = "IBMid-666002IZ2Y" [90m-> null[0m[0m
TestRunCompleteExample 2026-06-04T21:10:35+05:30 command.go:212: 
TestRunCompleteExample 2026-06-04T21:10:35+05:30 command.go:212:       [31m-[0m[0m contexts {
TestRunCompleteExample 2026-06-04T21:10:35+05:30 command.go:212:           [31m-[0m[0m attributes {
TestRunCompleteExample 2026-06-04T21:10:35+05:30 command.go:212:               [31m-[0m[0m name  = "endpointType" [90m-> null[0m[0m
TestRunCompleteExample 2026-06-04T21:10:35+05:30 command.go:212:               [31m-[0m[0m value = "private" [90m-> null[0m[0m
TestRunCompleteExample 2026-06-04T21:10:35+05:30 command.go:212:             }
TestRunCompleteExample 2026-06-04T21:10:35+05:30 command.go:212:           [31m-[0m[0m attributes {
TestRunCompleteExample 2026-06-04T21:10:35+05:30 command.go:212:               [31m-[0m[0m name  = "networkZoneId" [90m-> null[0m[0m
TestRunCompleteExample 2026-06-04T21:10:35+05:30 command.go:212:               [31m-[0m[0m value = "9f8e789754e377595b9a978b2a7fa8b4,b08d21d7606165f6683ab1125d0eaed0" [90m-> null[0m[0m
TestRunCompleteExample 2026-06-04T21:10:35+05:30 command.go:212:             }
TestRunCompleteExample 2026-06-04T21:10:35+05:30 command.go:212:         }
TestRunCompleteExample 2026-06-04T21:10:35+05:30 command.go:212: 
TestRunCompleteExample 2026-06-04T21:10:35+05:30 command.go:212:       [31m-[0m[0m operations {
TestRunCompleteExample 2026-06-04T21:10:35+05:30 command.go:212:           [31m-[0m[0m api_types {
TestRunCompleteExample 2026-06-04T21:10:35+05:30 command.go:212:               [31m-[0m[0m api_type_id  = "crn:v1:bluemix:public:context-based-restrictions::::api-type:" [90m-> null[0m[0m
TestRunCompleteExample 2026-06-04T21:10:35+05:30 command.go:212:                 [90m# (2 unchanged attributes hidden)[0m[0m
TestRunCompleteExample 2026-06-04T21:10:35+05:30 command.go:212:             }
TestRunCompleteExample 2026-06-04T21:10:35+05:30 command.go:212:         }
TestRunCompleteExample 2026-06-04T21:10:35+05:30 command.go:212: 
TestRunCompleteExample 2026-06-04T21:10:35+05:30 command.go:212:       [31m-[0m[0m resources {
TestRunCompleteExample 2026-06-04T21:10:35+05:30 command.go:212:           [31m-[0m[0m attributes {
TestRunCompleteExample 2026-06-04T21:10:35+05:30 command.go:212:               [31m-[0m[0m name     = "accountId" [90m-> null[0m[0m
TestRunCompleteExample 2026-06-04T21:10:35+05:30 command.go:212:               [31m-[0m[0m operator = "stringEquals" [90m-> null[0m[0m
TestRunCompleteExample 2026-06-04T21:10:35+05:30 command.go:212:               [31m-[0m[0m value    = "abac0df06b644a9cabc6e44f55b3880e" [90m-> null[0m[0m
TestRunCompleteExample 2026-06-04T21:10:35+05:30 command.go:212:             }
TestRunCompleteExample 2026-06-04T21:10:35+05:30 command.go:212:           [31m-[0m[0m attributes {
TestRunCompleteExample 2026-06-04T21:10:35+05:30 command.go:212:               [31m-[0m[0m name     = "resourceGroupId" [90m-> null[0m[0m
TestRunCompleteExample 2026-06-04T21:10:35+05:30 command.go:212:               [31m-[0m[0m operator = "stringEquals" [90m-> null[0m[0m
TestRunCompleteExample 2026-06-04T21:10:35+05:30 command.go:212:               [31m-[0m[0m value    = "f8bb0fc2a066425b8858d9767136bfa2" [90m-> null[0m[0m
TestRunCompleteExample 2026-06-04T21:10:35+05:30 command.go:212:             }
TestRunCompleteExample 2026-06-04T21:10:35+05:30 command.go:212:           [31m-[0m[0m attributes {
TestRunCompleteExample 2026-06-04T21:10:35+05:30 command.go:212:               [31m-[0m[0m name     = "serviceName" [90m-> null[0m[0m
TestRunCompleteExample 2026-06-04T21:10:35+05:30 command.go:212:               [31m-[0m[0m operator = "stringEquals" [90m-> null[0m[0m
TestRunCompleteExample 2026-06-04T21:10:35+05:30 command.go:212:               [31m-[0m[0m value    = "kms" [90m-> null[0m[0m
TestRunCompleteExample 2026-06-04T21:10:35+05:30 command.go:212:             }
TestRunCompleteExample 2026-06-04T21:10:35+05:30 command.go:212:         }
TestRunCompleteExample 2026-06-04T21:10:35+05:30 command.go:212:     }
TestRunCompleteExample 2026-06-04T21:10:35+05:30 command.go:212: 
TestRunCompleteExample 2026-06-04T21:10:35+05:30 command.go:212: [1m  # module.service_auth_cbr_rules.module.cbr_rules[0].module.cbr_zone[0].ibm_cbr_zone.cbr_zone[0][0m will be [1m[31mdestroyed[0m
TestRunCompleteExample 2026-06-04T21:10:35+05:30 command.go:212: [0m  [31m-[0m[0m resource "ibm_cbr_zone" "cbr_zone" {
TestRunCompleteExample 2026-06-04T21:10:35+05:30 command.go:212:       [31m-[0m[0m account_id          = "abac0df06b644a9cabc6e44f55b3880e" [90m-> null[0m[0m
TestRunCompleteExample 2026-06-04T21:10:35+05:30 command.go:212:       [31m-[0m[0m address_count       = 1 [90m-> null[0m[0m
TestRunCompleteExample 2026-06-04T21:10:35+05:30 command.go:212:       [31m-[0m[0m created_at          = "2026-06-04T15:39:13.000Z" [90m-> null[0m[0m
TestRunCompleteExample 2026-06-04T21:10:35+05:30 command.go:212:       [31m-[0m[0m created_by_id       = "IBMid-666002IZ2Y" [90m-> null[0m[0m
TestRunCompleteExample 2026-06-04T21:10:35+05:30 command.go:212:       [31m-[0m[0m crn                 = "crn:v1:bluemix:public:context-based-restrictions:global:a/abac0df06b644a9cabc6e44f55b3880e::zone:9f8e789754e377595b9a978b2a7fa8b4" [90m-> null[0m[0m
TestRunCompleteExample 2026-06-04T21:10:35+05:30 command.go:212:       [31m-[0m[0m description         = "s2s-z7e-cbr-vpc-zone" [90m-> null[0m[0m
TestRunCompleteExample 2026-06-04T21:10:35+05:30 command.go:212:       [31m-[0m[0m etag                = "1-ea1c7007fff7782fbcc685b24fea6406" [90m-> null[0m[0m
TestRunCompleteExample 2026-06-04T21:10:35+05:30 command.go:212:       [31m-[0m[0m excluded_count      = 0 [90m-> null[0m[0m
TestRunCompleteExample 2026-06-04T21:10:35+05:30 command.go:212:       [31m-[0m[0m href                = "https://cbr.cloud.ibm.com/v1/zones/9f8e789754e377595b9a978b2a7fa8b4" [90m-> null[0m[0m
TestRunCompleteExample 2026-06-04T21:10:35+05:30 command.go:212:       [31m-[0m[0m id                  = "9f8e789754e377595b9a978b2a7fa8b4" [90m-> null[0m[0m
TestRunCompleteExample 2026-06-04T21:10:35+05:30 command.go:212:       [31m-[0m[0m last_modified_at    = "2026-06-04T15:39:13.000Z" [90m-> null[0m[0m
TestRunCompleteExample 2026-06-04T21:10:35+05:30 command.go:212:       [31m-[0m[0m last_modified_by_id = "IBMid-666002IZ2Y" [90m-> null[0m[0m
TestRunCompleteExample 2026-06-04T21:10:35+05:30 command.go:212:       [31m-[0m[0m name                = "s2s-z7e-cbr-vpc-zone" [90m-> null[0m[0m
TestRunCompleteExample 2026-06-04T21:10:35+05:30 command.go:212: 
TestRunCompleteExample 2026-06-04T21:10:35+05:30 command.go:212:       [31m-[0m[0m addresses {
TestRunCompleteExample 2026-06-04T21:10:35+05:30 command.go:212:           [31m-[0m[0m type  = "vpc" [90m-> null[0m[0m
TestRunCompleteExample 2026-06-04T21:10:35+05:30 command.go:212:           [31m-[0m[0m value = "crn:v1:bluemix:public:is:jp-tok:a/abac0df06b644a9cabc6e44f55b3880e::vpc:r022-ddac58d2-c1f5-4275-a420-a370f6b690a6" [90m-> null[0m[0m
TestRunCompleteExample 2026-06-04T21:10:35+05:30 command.go:212:         }
TestRunCompleteExample 2026-06-04T21:10:35+05:30 command.go:212:     }
TestRunCompleteExample 2026-06-04T21:10:35+05:30 command.go:212: 
TestRunCompleteExample 2026-06-04T21:10:35+05:30 command.go:212: [1m  # module.service_auth_cbr_rules.module.cbr_rules[0].module.cbr_zone[1].ibm_cbr_zone.cbr_zone[0][0m will be [1m[31mdestroyed[0m
TestRunCompleteExample 2026-06-04T21:10:35+05:30 command.go:212: [0m  [31m-[0m[0m resource "ibm_cbr_zone" "cbr_zone" {
TestRunCompleteExample 2026-06-04T21:10:35+05:30 command.go:212:       [31m-[0m[0m account_id          = "abac0df06b644a9cabc6e44f55b3880e" [90m-> null[0m[0m
TestRunCompleteExample 2026-06-04T21:10:35+05:30 command.go:212:       [31m-[0m[0m address_count       = 1 [90m-> null[0m[0m
TestRunCompleteExample 2026-06-04T21:10:35+05:30 command.go:212:       [31m-[0m[0m created_at          = "2026-06-04T15:39:13.000Z" [90m-> null[0m[0m
TestRunCompleteExample 2026-06-04T21:10:35+05:30 command.go:212:       [31m-[0m[0m created_by_id       = "IBMid-666002IZ2Y" [90m-> null[0m[0m
TestRunCompleteExample 2026-06-04T21:10:35+05:30 command.go:212:       [31m-[0m[0m crn                 = "crn:v1:bluemix:public:context-based-restrictions:global:a/abac0df06b644a9cabc6e44f55b3880e::zone:b08d21d7606165f6683ab1125d0eaed0" [90m-> null[0m[0m
TestRunCompleteExample 2026-06-04T21:10:35+05:30 command.go:212:       [31m-[0m[0m description         = "cloud-object-storage-cbr-serviceref-zone" [90m-> null[0m[0m
TestRunCompleteExample 2026-06-04T21:10:35+05:30 command.go:212:       [31m-[0m[0m etag                = "1-30c1ba21813f7af494887fbd3a9a2dd5" [90m-> null[0m[0m
TestRunCompleteExample 2026-06-04T21:10:35+05:30 command.go:212:       [31m-[0m[0m excluded_count      = 0 [90m-> null[0m[0m
TestRunCompleteExample 2026-06-04T21:10:35+05:30 command.go:212:       [31m-[0m[0m href                = "https://cbr.cloud.ibm.com/v1/zones/b08d21d7606165f6683ab1125d0eaed0" [90m-> null[0m[0m
TestRunCompleteExample 2026-06-04T21:10:35+05:30 command.go:212:       [31m-[0m[0m id                  = "b08d21d7606165f6683ab1125d0eaed0" [90m-> null[0m[0m
TestRunCompleteExample 2026-06-04T21:10:35+05:30 command.go:212:       [31m-[0m[0m last_modified_at    = "2026-06-04T15:39:13.000Z" [90m-> null[0m[0m
TestRunCompleteExample 2026-06-04T21:10:35+05:30 command.go:212:       [31m-[0m[0m last_modified_by_id = "IBMid-666002IZ2Y" [90m-> null[0m[0m
TestRunCompleteExample 2026-06-04T21:10:35+05:30 command.go:212:       [31m-[0m[0m name                = "s2s-z7e-cloud-object-storage-cbr-serviceref-zone" [90m-> null[0m[0m
TestRunCompleteExample 2026-06-04T21:10:35+05:30 command.go:212: 
TestRunCompleteExample 2026-06-04T21:10:35+05:30 command.go:212:       [31m-[0m[0m addresses {
TestRunCompleteExample 2026-06-04T21:10:35+05:30 command.go:212:           [31m-[0m[0m type  = "serviceRef" [90m-> null[0m[0m
TestRunCompleteExample 2026-06-04T21:10:35+05:30 command.go:212:             [90m# (1 unchanged attribute hidden)[0m[0m
TestRunCompleteExample 2026-06-04T21:10:35+05:30 command.go:212: 
TestRunCompleteExample 2026-06-04T21:10:35+05:30 command.go:212:           [31m-[0m[0m ref {
TestRunCompleteExample 2026-06-04T21:10:35+05:30 command.go:212:               [31m-[0m[0m account_id       = "abac0df06b644a9cabc6e44f55b3880e" [90m-> null[0m[0m
TestRunCompleteExample 2026-06-04T21:10:35+05:30 command.go:212:               [31m-[0m[0m service_name     = "cloud-object-storage" [90m-> null[0m[0m
TestRunCompleteExample 2026-06-04T21:10:35+05:30 command.go:212:                 [90m# (3 unchanged attributes hidden)[0m[0m
TestRunCompleteExample 2026-06-04T21:10:35+05:30 command.go:212:             }
TestRunCompleteExample 2026-06-04T21:10:35+05:30 command.go:212:         }
TestRunCompleteExample 2026-06-04T21:10:35+05:30 command.go:212:     }
TestRunCompleteExample 2026-06-04T21:10:35+05:30 command.go:212: 
TestRunCompleteExample 2026-06-04T21:10:35+05:30 command.go:212: [1mPlan:[0m 0 to add, 0 to change, 16 to destroy.
TestRunCompleteExample 2026-06-04T21:10:35+05:30 command.go:212: [0m
TestRunCompleteExample 2026-06-04T21:10:35+05:30 command.go:212: Changes to Outputs:
TestRunCompleteExample 2026-06-04T21:10:35+05:30 command.go:212:   [31m-[0m[0m cos_instance              = "f8bb0fc2a066425b8858d9767136bfa2" [90m-> null[0m[0m
TestRunCompleteExample 2026-06-04T21:10:35+05:30 command.go:212:   [31m-[0m[0m key_protect_instance_guid = "10ef879d-9f28-4414-ad97-f51435fe32f0" [90m-> null[0m[0m
TestRunCompleteExample 2026-06-04T21:10:35+05:30 command.go:212:   [31m-[0m[0m service_auth_cbr_rules    = {
TestRunCompleteExample 2026-06-04T21:10:35+05:30 command.go:212:       [31m-[0m[0m auth_policies = {
TestRunCompleteExample 2026-06-04T21:10:35+05:30 command.go:212:           [31m-[0m[0m scenario-both-attrs     = {
TestRunCompleteExample 2026-06-04T21:10:35+05:30 command.go:212:               [31m-[0m[0m description                 = "Scenario: Both dynamic attributes - COS account to KMS keys"
TestRunCompleteExample 2026-06-04T21:10:35+05:30 command.go:212:               [31m-[0m[0m id                          = "951d6ff4-a347-45a6-9b60-909eff8ffdc9"
TestRunCompleteExample 2026-06-04T21:10:35+05:30 command.go:212:               [31m-[0m[0m resource_attributes         = [
TestRunCompleteExample 2026-06-04T21:10:35+05:30 command.go:212:                   [31m-[0m[0m {
TestRunCompleteExample 2026-06-04T21:10:35+05:30 command.go:212:                       [31m-[0m[0m name     = "accountId"
TestRunCompleteExample 2026-06-04T21:10:35+05:30 command.go:212:                       [31m-[0m[0m operator = "stringEquals"
TestRunCompleteExample 2026-06-04T21:10:35+05:30 command.go:212:                       [31m-[0m[0m value    = "abac0df06b644a9cabc6e44f55b3880e"
TestRunCompleteExample 2026-06-04T21:10:35+05:30 command.go:212:                     },
TestRunCompleteExample 2026-06-04T21:10:35+05:30 command.go:212:                   [31m-[0m[0m {
TestRunCompleteExample 2026-06-04T21:10:35+05:30 command.go:212:                       [31m-[0m[0m name     = "resourceType"
TestRunCompleteExample 2026-06-04T21:10:35+05:30 command.go:212:                       [31m-[0m[0m operator = "stringEquals"
TestRunCompleteExample 2026-06-04T21:10:35+05:30 command.go:212:                       [31m-[0m[0m value    = "key"
TestRunCompleteExample 2026-06-04T21:10:35+05:30 command.go:212:                     },
TestRunCompleteExample 2026-06-04T21:10:35+05:30 command.go:212:                   [31m-[0m[0m {
TestRunCompleteExample 2026-06-04T21:10:35+05:30 command.go:212:                       [31m-[0m[0m name     = "serviceName"
TestRunCompleteExample 2026-06-04T21:10:35+05:30 command.go:212:                       [31m-[0m[0m operator = "stringEquals"
TestRunCompleteExample 2026-06-04T21:10:35+05:30 command.go:212:                       [31m-[0m[0m value    = "kms"
TestRunCompleteExample 2026-06-04T21:10:35+05:30 command.go:212:                     },
TestRunCompleteExample 2026-06-04T21:10:35+05:30 command.go:212:                 ]
TestRunCompleteExample 2026-06-04T21:10:35+05:30 command.go:212:               [31m-[0m[0m roles                       = [
TestRunCompleteExample 2026-06-04T21:10:35+05:30 command.go:212:                   [31m-[0m[0m "Reader",
TestRunCompleteExample 2026-06-04T21:10:35+05:30 command.go:212:                 ]
TestRunCompleteExample 2026-06-04T21:10:35+05:30 command.go:212:               [31m-[0m[0m source_resource_group_id    = ""
TestRunCompleteExample 2026-06-04T21:10:35+05:30 command.go:212:               [31m-[0m[0m source_resource_instance_id = ""
TestRunCompleteExample 2026-06-04T21:10:35+05:30 command.go:212:               [31m-[0m[0m source_resource_type        = ""
TestRunCompleteExample 2026-06-04T21:10:35+05:30 command.go:212:               [31m-[0m[0m source_service_account      = "abac0df06b644a9cabc6e44f55b3880e"
TestRunCompleteExample 2026-06-04T21:10:35+05:30 command.go:212:               [31m-[0m[0m source_service_name         = "cloud-object-storage"
TestRunCompleteExample 2026-06-04T21:10:35+05:30 command.go:212:               [31m-[0m[0m subject_attributes          = [
TestRunCompleteExample 2026-06-04T21:10:35+05:30 command.go:212:                   [31m-[0m[0m {
TestRunCompleteExample 2026-06-04T21:10:35+05:30 command.go:212:                       [31m-[0m[0m name     = "accountId"
TestRunCompleteExample 2026-06-04T21:10:35+05:30 command.go:212:                       [31m-[0m[0m operator = "stringEquals"
TestRunCompleteExample 2026-06-04T21:10:35+05:30 command.go:212:                       [31m-[0m[0m value    = "abac0df06b644a9cabc6e44f55b3880e"
TestRunCompleteExample 2026-06-04T21:10:35+05:30 command.go:212:                     },
TestRunCompleteExample 2026-06-04T21:10:35+05:30 command.go:212:                   [31m-[0m[0m {
TestRunCompleteExample 2026-06-04T21:10:35+05:30 command.go:212:                       [31m-[0m[0m name     = "serviceName"
TestRunCompleteExample 2026-06-04T21:10:35+05:30 command.go:212:                       [31m-[0m[0m operator = "stringEquals"
TestRunCompleteExample 2026-06-04T21:10:35+05:30 command.go:212:                       [31m-[0m[0m value    = "cloud-object-storage"
TestRunCompleteExample 2026-06-04T21:10:35+05:30 command.go:212:                     },
TestRunCompleteExample 2026-06-04T21:10:35+05:30 command.go:212:                 ]
TestRunCompleteExample 2026-06-04T21:10:35+05:30 command.go:212:               [31m-[0m[0m target_resource_group_id    = ""
TestRunCompleteExample 2026-06-04T21:10:35+05:30 command.go:212:               [31m-[0m[0m target_resource_instance_id = ""
TestRunCompleteExample 2026-06-04T21:10:35+05:30 command.go:212:               [31m-[0m[0m target_resource_type        = "key"
TestRunCompleteExample 2026-06-04T21:10:35+05:30 command.go:212:               [31m-[0m[0m target_service_name         = "kms"
TestRunCompleteExample 2026-06-04T21:10:35+05:30 command.go:212:               [31m-[0m[0m transaction_id              = "87b645b2cfb74fd085d7b4b82e7dbd47"
TestRunCompleteExample 2026-06-04T21:10:35+05:30 command.go:212:               [31m-[0m[0m version                     = [90mnull[0m[0m
TestRunCompleteExample 2026-06-04T21:10:35+05:30 command.go:212:             }
TestRunCompleteExample 2026-06-04T21:10:35+05:30 command.go:212:           [31m-[0m[0m scenario-resource-attrs = {
TestRunCompleteExample 2026-06-04T21:10:35+05:30 command.go:212:               [31m-[0m[0m description                 = "Scenario: Static source with dynamic resource - COS instance to KMS account"
TestRunCompleteExample 2026-06-04T21:10:35+05:30 command.go:212:               [31m-[0m[0m id                          = "d649381e-6b45-4a1b-9b83-c936cbb0f521"
TestRunCompleteExample 2026-06-04T21:10:35+05:30 command.go:212:               [31m-[0m[0m resource_attributes         = [
TestRunCompleteExample 2026-06-04T21:10:35+05:30 command.go:212:                   [31m-[0m[0m {
TestRunCompleteExample 2026-06-04T21:10:35+05:30 command.go:212:                       [31m-[0m[0m name     = "accountId"
TestRunCompleteExample 2026-06-04T21:10:35+05:30 command.go:212:                       [31m-[0m[0m operator = "stringEquals"
TestRunCompleteExample 2026-06-04T21:10:35+05:30 command.go:212:                       [31m-[0m[0m value    = "abac0df06b644a9cabc6e44f55b3880e"
TestRunCompleteExample 2026-06-04T21:10:35+05:30 command.go:212:                     },
TestRunCompleteExample 2026-06-04T21:10:35+05:30 command.go:212:                   [31m-[0m[0m {
TestRunCompleteExample 2026-06-04T21:10:35+05:30 command.go:212:                       [31m-[0m[0m name     = "serviceName"
TestRunCompleteExample 2026-06-04T21:10:35+05:30 command.go:212:                       [31m-[0m[0m operator = "stringEquals"
TestRunCompleteExample 2026-06-04T21:10:35+05:30 command.go:212:                       [31m-[0m[0m value    = "kms"
TestRunCompleteExample 2026-06-04T21:10:35+05:30 command.go:212:                     },
TestRunCompleteExample 2026-06-04T21:10:35+05:30 command.go:212:                 ]
TestRunCompleteExample 2026-06-04T21:10:35+05:30 command.go:212:               [31m-[0m[0m roles                       = [
TestRunCompleteExample 2026-06-04T21:10:35+05:30 command.go:212:                   [31m-[0m[0m "Reader",
TestRunCompleteExample 2026-06-04T21:10:35+05:30 command.go:212:                 ]
TestRunCompleteExample 2026-06-04T21:10:35+05:30 command.go:212:               [31m-[0m[0m source_resource_group_id    = ""
TestRunCompleteExample 2026-06-04T21:10:35+05:30 command.go:212:               [31m-[0m[0m source_resource_instance_id = "95b1d86c-6799-4c05-a0d4-72397a294cb6"
TestRunCompleteExample 2026-06-04T21:10:35+05:30 command.go:212:               [31m-[0m[0m source_resource_type        = ""
TestRunCompleteExample 2026-06-04T21:10:35+05:30 command.go:212:               [31m-[0m[0m source_service_account      = "abac0df06b644a9cabc6e44f55b3880e"
TestRunCompleteExample 2026-06-04T21:10:35+05:30 command.go:212:               [31m-[0m[0m source_service_name         = "cloud-object-storage"
TestRunCompleteExample 2026-06-04T21:10:35+05:30 command.go:212:               [31m-[0m[0m subject_attributes          = []
TestRunCompleteExample 2026-06-04T21:10:35+05:30 command.go:212:               [31m-[0m[0m target_resource_group_id    = ""
TestRunCompleteExample 2026-06-04T21:10:35+05:30 command.go:212:               [31m-[0m[0m target_resource_instance_id = ""
TestRunCompleteExample 2026-06-04T21:10:35+05:30 command.go:212:               [31m-[0m[0m target_resource_type        = ""
TestRunCompleteExample 2026-06-04T21:10:35+05:30 command.go:212:               [31m-[0m[0m target_service_name         = "kms"
TestRunCompleteExample 2026-06-04T21:10:35+05:30 command.go:212:               [31m-[0m[0m transaction_id              = "9daa0d17796a4e2783a7cad220aea043"
TestRunCompleteExample 2026-06-04T21:10:35+05:30 command.go:212:               [31m-[0m[0m version                     = [90mnull[0m[0m
TestRunCompleteExample 2026-06-04T21:10:35+05:30 command.go:212:             }
TestRunCompleteExample 2026-06-04T21:10:35+05:30 command.go:212:           [31m-[0m[0m scenario-subject-attrs  = {
TestRunCompleteExample 2026-06-04T21:10:35+05:30 command.go:212:               [31m-[0m[0m description                 = "Scenario: Dynamic subject with static target - COS account to KMS RG"
TestRunCompleteExample 2026-06-04T21:10:35+05:30 command.go:212:               [31m-[0m[0m id                          = "81a95161-3637-47c3-a5b2-e54804404779"
TestRunCompleteExample 2026-06-04T21:10:35+05:30 command.go:212:               [31m-[0m[0m resource_attributes         = [
TestRunCompleteExample 2026-06-04T21:10:35+05:30 command.go:212:                   [31m-[0m[0m {
TestRunCompleteExample 2026-06-04T21:10:35+05:30 command.go:212:                       [31m-[0m[0m name     = "accountId"
TestRunCompleteExample 2026-06-04T21:10:35+05:30 command.go:212:                       [31m-[0m[0m operator = "stringEquals"
TestRunCompleteExample 2026-06-04T21:10:35+05:30 command.go:212:                       [31m-[0m[0m value    = "abac0df06b644a9cabc6e44f55b3880e"
TestRunCompleteExample 2026-06-04T21:10:35+05:30 command.go:212:                     },
TestRunCompleteExample 2026-06-04T21:10:35+05:30 command.go:212:                   [31m-[0m[0m {
TestRunCompleteExample 2026-06-04T21:10:35+05:30 command.go:212:                       [31m-[0m[0m name     = "resourceGroupId"
TestRunCompleteExample 2026-06-04T21:10:35+05:30 command.go:212:                       [31m-[0m[0m operator = "stringEquals"
TestRunCompleteExample 2026-06-04T21:10:35+05:30 command.go:212:                       [31m-[0m[0m value    = "f8bb0fc2a066425b8858d9767136bfa2"
TestRunCompleteExample 2026-06-04T21:10:35+05:30 command.go:212:                     },
TestRunCompleteExample 2026-06-04T21:10:35+05:30 command.go:212:                   [31m-[0m[0m {
TestRunCompleteExample 2026-06-04T21:10:35+05:30 command.go:212:                       [31m-[0m[0m name     = "serviceName"
TestRunCompleteExample 2026-06-04T21:10:35+05:30 command.go:212:                       [31m-[0m[0m operator = "stringEquals"
TestRunCompleteExample 2026-06-04T21:10:35+05:30 command.go:212:                       [31m-[0m[0m value    = "kms"
TestRunCompleteExample 2026-06-04T21:10:35+05:30 command.go:212:                     },
TestRunCompleteExample 2026-06-04T21:10:35+05:30 command.go:212:                 ]
TestRunCompleteExample 2026-06-04T21:10:35+05:30 command.go:212:               [31m-[0m[0m roles                       = [
TestRunCompleteExample 2026-06-04T21:10:35+05:30 command.go:212:                   [31m-[0m[0m "Reader",
TestRunCompleteExample 2026-06-04T21:10:35+05:30 command.go:212:                 ]
TestRunCompleteExample 2026-06-04T21:10:35+05:30 command.go:212:               [31m-[0m[0m source_resource_group_id    = ""
TestRunCompleteExample 2026-06-04T21:10:35+05:30 command.go:212:               [31m-[0m[0m source_resource_instance_id = ""
TestRunCompleteExample 2026-06-04T21:10:35+05:30 command.go:212:               [31m-[0m[0m source_resource_type        = ""
TestRunCompleteExample 2026-06-04T21:10:35+05:30 command.go:212:               [31m-[0m[0m source_service_account      = "abac0df06b644a9cabc6e44f55b3880e"
TestRunCompleteExample 2026-06-04T21:10:35+05:30 command.go:212:               [31m-[0m[0m source_service_name         = "cloud-object-storage"
TestRunCompleteExample 2026-06-04T21:10:35+05:30 command.go:212:               [31m-[0m[0m subject_attributes          = [
TestRunCompleteExample 2026-06-04T21:10:35+05:30 command.go:212:                   [31m-[0m[0m {
TestRunCompleteExample 2026-06-04T21:10:35+05:30 command.go:212:                       [31m-[0m[0m name     = "accountId"
TestRunCompleteExample 2026-06-04T21:10:35+05:30 command.go:212:                       [31m-[0m[0m operator = "stringEquals"
TestRunCompleteExample 2026-06-04T21:10:35+05:30 command.go:212:                       [31m-[0m[0m value    = "abac0df06b644a9cabc6e44f55b3880e"
TestRunCompleteExample 2026-06-04T21:10:35+05:30 command.go:212:                     },
TestRunCompleteExample 2026-06-04T21:10:35+05:30 command.go:212:                   [31m-[0m[0m {
TestRunCompleteExample 2026-06-04T21:10:35+05:30 command.go:212:                       [31m-[0m[0m name     = "serviceName"
TestRunCompleteExample 2026-06-04T21:10:35+05:30 command.go:212:                       [31m-[0m[0m operator = "stringEquals"
TestRunCompleteExample 2026-06-04T21:10:35+05:30 command.go:212:                       [31m-[0m[0m value    = "cloud-object-storage"
TestRunCompleteExample 2026-06-04T21:10:35+05:30 command.go:212:                     },
TestRunCompleteExample 2026-06-04T21:10:35+05:30 command.go:212:                 ]
TestRunCompleteExample 2026-06-04T21:10:35+05:30 command.go:212:               [31m-[0m[0m target_resource_group_id    = "f8bb0fc2a066425b8858d9767136bfa2"
TestRunCompleteExample 2026-06-04T21:10:35+05:30 command.go:212:               [31m-[0m[0m target_resource_instance_id = ""
TestRunCompleteExample 2026-06-04T21:10:35+05:30 command.go:212:               [31m-[0m[0m target_resource_type        = ""
TestRunCompleteExample 2026-06-04T21:10:35+05:30 command.go:212:               [31m-[0m[0m target_service_name         = "kms"
TestRunCompleteExample 2026-06-04T21:10:35+05:30 command.go:212:               [31m-[0m[0m transaction_id              = "60c0a258d9af4ee886d313eb0ac5e721"
TestRunCompleteExample 2026-06-04T21:10:35+05:30 command.go:212:               [31m-[0m[0m version                     = [90mnull[0m[0m
TestRunCompleteExample 2026-06-04T21:10:35+05:30 command.go:212:             }
TestRunCompleteExample 2026-06-04T21:10:35+05:30 command.go:212:           [31m-[0m[0m test-policy-1           = {
TestRunCompleteExample 2026-06-04T21:10:35+05:30 command.go:212:               [31m-[0m[0m description                 = "This is a test policy locked to 2 instance IDs"
TestRunCompleteExample 2026-06-04T21:10:35+05:30 command.go:212:               [31m-[0m[0m id                          = "b5e65a9f-4b5e-4122-9dfa-f0193babd1af"
TestRunCompleteExample 2026-06-04T21:10:35+05:30 command.go:212:               [31m-[0m[0m resource_attributes         = [
TestRunCompleteExample 2026-06-04T21:10:35+05:30 command.go:212:                   [31m-[0m[0m {
TestRunCompleteExample 2026-06-04T21:10:35+05:30 command.go:212:                       [31m-[0m[0m name     = "accountId"
TestRunCompleteExample 2026-06-04T21:10:35+05:30 command.go:212:                       [31m-[0m[0m operator = "stringEquals"
TestRunCompleteExample 2026-06-04T21:10:35+05:30 command.go:212:                       [31m-[0m[0m value    = "abac0df06b644a9cabc6e44f55b3880e"
TestRunCompleteExample 2026-06-04T21:10:35+05:30 command.go:212:                     },
TestRunCompleteExample 2026-06-04T21:10:35+05:30 command.go:212:                   [31m-[0m[0m {
TestRunCompleteExample 2026-06-04T21:10:35+05:30 command.go:212:                       [31m-[0m[0m name     = "serviceInstance"
TestRunCompleteExample 2026-06-04T21:10:35+05:30 command.go:212:                       [31m-[0m[0m operator = "stringEquals"
TestRunCompleteExample 2026-06-04T21:10:35+05:30 command.go:212:                       [31m-[0m[0m value    = "10ef879d-9f28-4414-ad97-f51435fe32f0"
TestRunCompleteExample 2026-06-04T21:10:35+05:30 command.go:212:                     },
TestRunCompleteExample 2026-06-04T21:10:35+05:30 command.go:212:                   [31m-[0m[0m {
TestRunCompleteExample 2026-06-04T21:10:35+05:30 command.go:212:                       [31m-[0m[0m name     = "serviceName"
TestRunCompleteExample 2026-06-04T21:10:35+05:30 command.go:212:                       [31m-[0m[0m operator = "stringEquals"
TestRunCompleteExample 2026-06-04T21:10:35+05:30 command.go:212:                       [31m-[0m[0m value    = "kms"
TestRunCompleteExample 2026-06-04T21:10:35+05:30 command.go:212:                     },
TestRunCompleteExample 2026-06-04T21:10:35+05:30 command.go:212:                 ]
TestRunCompleteExample 2026-06-04T21:10:35+05:30 command.go:212:               [31m-[0m[0m roles                       = [
TestRunCompleteExample 2026-06-04T21:10:35+05:30 command.go:212:                   [31m-[0m[0m "Reader",
TestRunCompleteExample 2026-06-04T21:10:35+05:30 command.go:212:                 ]
TestRunCompleteExample 2026-06-04T21:10:35+05:30 command.go:212:               [31m-[0m[0m source_resource_group_id    = ""
TestRunCompleteExample 2026-06-04T21:10:35+05:30 command.go:212:               [31m-[0m[0m source_resource_instance_id = "95b1d86c-6799-4c05-a0d4-72397a294cb6"
TestRunCompleteExample 2026-06-04T21:10:35+05:30 command.go:212:               [31m-[0m[0m source_resource_type        = ""
TestRunCompleteExample 2026-06-04T21:10:35+05:30 command.go:212:               [31m-[0m[0m source_service_account      = "abac0df06b644a9cabc6e44f55b3880e"
TestRunCompleteExample 2026-06-04T21:10:35+05:30 command.go:212:               [31m-[0m[0m source_service_name         = "cloud-object-storage"
TestRunCompleteExample 2026-06-04T21:10:35+05:30 command.go:212:               [31m-[0m[0m subject_attributes          = []
TestRunCompleteExample 2026-06-04T21:10:35+05:30 command.go:212:               [31m-[0m[0m target_resource_group_id    = ""
TestRunCompleteExample 2026-06-04T21:10:35+05:30 command.go:212:               [31m-[0m[0m target_resource_instance_id = "10ef879d-9f28-4414-ad97-f51435fe32f0"
TestRunCompleteExample 2026-06-04T21:10:35+05:30 command.go:212:               [31m-[0m[0m target_resource_type        = ""
TestRunCompleteExample 2026-06-04T21:10:35+05:30 command.go:212:               [31m-[0m[0m target_service_name         = "kms"
TestRunCompleteExample 2026-06-04T21:10:35+05:30 command.go:212:               [31m-[0m[0m transaction_id              = "eed31b216d60463691cea4e69322f984"
TestRunCompleteExample 2026-06-04T21:10:35+05:30 command.go:212:               [31m-[0m[0m version                     = [90mnull[0m[0m
TestRunCompleteExample 2026-06-04T21:10:35+05:30 command.go:212:             }
TestRunCompleteExample 2026-06-04T21:10:35+05:30 command.go:212:           [31m-[0m[0m test-policy-2           = {
TestRunCompleteExample 2026-06-04T21:10:35+05:30 command.go:212:               [31m-[0m[0m description                 = "This is a test policy locked to target instance ID"
TestRunCompleteExample 2026-06-04T21:10:35+05:30 command.go:212:               [31m-[0m[0m id                          = "ef84b8de-4737-4d92-8295-162f74e2ba0b"
TestRunCompleteExample 2026-06-04T21:10:35+05:30 command.go:212:               [31m-[0m[0m resource_attributes         = [
TestRunCompleteExample 2026-06-04T21:10:35+05:30 command.go:212:                   [31m-[0m[0m {
TestRunCompleteExample 2026-06-04T21:10:35+05:30 command.go:212:                       [31m-[0m[0m name     = "accountId"
TestRunCompleteExample 2026-06-04T21:10:35+05:30 command.go:212:                       [31m-[0m[0m operator = "stringEquals"
TestRunCompleteExample 2026-06-04T21:10:35+05:30 command.go:212:                       [31m-[0m[0m value    = "abac0df06b644a9cabc6e44f55b3880e"
TestRunCompleteExample 2026-06-04T21:10:35+05:30 command.go:212:                     },
TestRunCompleteExample 2026-06-04T21:10:35+05:30 command.go:212:                   [31m-[0m[0m {
TestRunCompleteExample 2026-06-04T21:10:35+05:30 command.go:212:                       [31m-[0m[0m name     = "serviceInstance"
TestRunCompleteExample 2026-06-04T21:10:35+05:30 command.go:212:                       [31m-[0m[0m operator = "stringEquals"
TestRunCompleteExample 2026-06-04T21:10:35+05:30 command.go:212:                       [31m-[0m[0m value    = "10ef879d-9f28-4414-ad97-f51435fe32f0"
TestRunCompleteExample 2026-06-04T21:10:35+05:30 command.go:212:                     },
TestRunCompleteExample 2026-06-04T21:10:35+05:30 command.go:212:                   [31m-[0m[0m {
TestRunCompleteExample 2026-06-04T21:10:35+05:30 command.go:212:                       [31m-[0m[0m name     = "serviceName"
TestRunCompleteExample 2026-06-04T21:10:35+05:30 command.go:212:                       [31m-[0m[0m operator = "stringEquals"
TestRunCompleteExample 2026-06-04T21:10:35+05:30 command.go:212:                       [31m-[0m[0m value    = "kms"
TestRunCompleteExample 2026-06-04T21:10:35+05:30 command.go:212:                     },
TestRunCompleteExample 2026-06-04T21:10:35+05:30 command.go:212:                 ]
TestRunCompleteExample 2026-06-04T21:10:35+05:30 command.go:212:               [31m-[0m[0m roles                       = [
TestRunCompleteExample 2026-06-04T21:10:35+05:30 command.go:212:                   [31m-[0m[0m "Reader",
TestRunCompleteExample 2026-06-04T21:10:35+05:30 command.go:212:                 ]
TestRunCompleteExample 2026-06-04T21:10:35+05:30 command.go:212:               [31m-[0m[0m source_resource_group_id    = "f8bb0fc2a066425b8858d9767136bfa2"
TestRunCompleteExample 2026-06-04T21:10:35+05:30 command.go:212:               [31m-[0m[0m source_resource_instance_id = ""
TestRunCompleteExample 2026-06-04T21:10:35+05:30 command.go:212:               [31m-[0m[0m source_resource_type        = ""
TestRunCompleteExample 2026-06-04T21:10:35+05:30 command.go:212:               [31m-[0m[0m source_service_account      = "abac0df06b644a9cabc6e44f55b3880e"
TestRunCompleteExample 2026-06-04T21:10:35+05:30 command.go:212:               [31m-[0m[0m source_service_name         = "cloud-object-storage"
TestRunCompleteExample 2026-06-04T21:10:35+05:30 command.go:212:               [31m-[0m[0m subject_attributes          = []
TestRunCompleteExample 2026-06-04T21:10:35+05:30 command.go:212:               [31m-[0m[0m target_resource_group_id    = ""
TestRunCompleteExample 2026-06-04T21:10:35+05:30 command.go:212:               [31m-[0m[0m target_resource_instance_id = "10ef879d-9f28-4414-ad97-f51435fe32f0"
TestRunCompleteExample 2026-06-04T21:10:35+05:30 command.go:212:               [31m-[0m[0m target_resource_type        = ""
TestRunCompleteExample 2026-06-04T21:10:35+05:30 command.go:212:               [31m-[0m[0m target_service_name         = "kms"
TestRunCompleteExample 2026-06-04T21:10:35+05:30 command.go:212:               [31m-[0m[0m transaction_id              = "6de373f3833d46b4bb6d3027a99117dd"
TestRunCompleteExample 2026-06-04T21:10:35+05:30 command.go:212:               [31m-[0m[0m version                     = [90mnull[0m[0m
TestRunCompleteExample 2026-06-04T21:10:35+05:30 command.go:212:             }
TestRunCompleteExample 2026-06-04T21:10:35+05:30 command.go:212:           [31m-[0m[0m test-policy-3           = {
TestRunCompleteExample 2026-06-04T21:10:35+05:30 command.go:212:               [31m-[0m[0m description                 = "This is a test policy locked to source instance ID"
TestRunCompleteExample 2026-06-04T21:10:35+05:30 command.go:212:               [31m-[0m[0m id                          = "2db5884c-f47f-4083-9689-eec13240bdef"
TestRunCompleteExample 2026-06-04T21:10:35+05:30 command.go:212:               [31m-[0m[0m resource_attributes         = [
TestRunCompleteExample 2026-06-04T21:10:35+05:30 command.go:212:                   [31m-[0m[0m {
TestRunCompleteExample 2026-06-04T21:10:35+05:30 command.go:212:                       [31m-[0m[0m name     = "accountId"
TestRunCompleteExample 2026-06-04T21:10:35+05:30 command.go:212:                       [31m-[0m[0m operator = "stringEquals"
TestRunCompleteExample 2026-06-04T21:10:35+05:30 command.go:212:                       [31m-[0m[0m value    = "abac0df06b644a9cabc6e44f55b3880e"
TestRunCompleteExample 2026-06-04T21:10:35+05:30 command.go:212:                     },
TestRunCompleteExample 2026-06-04T21:10:35+05:30 command.go:212:                   [31m-[0m[0m {
TestRunCompleteExample 2026-06-04T21:10:35+05:30 command.go:212:                       [31m-[0m[0m name     = "resourceGroupId"
TestRunCompleteExample 2026-06-04T21:10:35+05:30 command.go:212:                       [31m-[0m[0m operator = "stringEquals"
TestRunCompleteExample 2026-06-04T21:10:35+05:30 command.go:212:                       [31m-[0m[0m value    = "f8bb0fc2a066425b8858d9767136bfa2"
TestRunCompleteExample 2026-06-04T21:10:35+05:30 command.go:212:                     },
TestRunCompleteExample 2026-06-04T21:10:35+05:30 command.go:212:                   [31m-[0m[0m {
TestRunCompleteExample 2026-06-04T21:10:35+05:30 command.go:212:                       [31m-[0m[0m name     = "serviceName"
TestRunCompleteExample 2026-06-04T21:10:35+05:30 command.go:212:                       [31m-[0m[0m operator = "stringEquals"
TestRunCompleteExample 2026-06-04T21:10:35+05:30 command.go:212:                       [31m-[0m[0m value    = "kms"
TestRunCompleteExample 2026-06-04T21:10:35+05:30 command.go:212:                     },
TestRunCompleteExample 2026-06-04T21:10:35+05:30 command.go:212:                 ]
TestRunCompleteExample 2026-06-04T21:10:35+05:30 command.go:212:               [31m-[0m[0m roles                       = [
TestRunCompleteExample 2026-06-04T21:10:35+05:30 command.go:212:                   [31m-[0m[0m "Reader",
TestRunCompleteExample 2026-06-04T21:10:35+05:30 command.go:212:                 ]
TestRunCompleteExample 2026-06-04T21:10:35+05:30 command.go:212:               [31m-[0m[0m source_resource_group_id    = ""
TestRunCompleteExample 2026-06-04T21:10:35+05:30 command.go:212:               [31m-[0m[0m source_resource_instance_id = "95b1d86c-6799-4c05-a0d4-72397a294cb6"
TestRunCompleteExample 2026-06-04T21:10:35+05:30 command.go:212:               [31m-[0m[0m source_resource_type        = ""
TestRunCompleteExample 2026-06-04T21:10:35+05:30 command.go:212:               [31m-[0m[0m source_service_account      = "abac0df06b644a9cabc6e44f55b3880e"
TestRunCompleteExample 2026-06-04T21:10:35+05:30 command.go:212:               [31m-[0m[0m source_service_name         = "cloud-object-storage"
TestRunCompleteExample 2026-06-04T21:10:35+05:30 command.go:212:               [31m-[0m[0m subject_attributes          = []
TestRunCompleteExample 2026-06-04T21:10:35+05:30 command.go:212:               [31m-[0m[0m target_resource_group_id    = "f8bb0fc2a066425b8858d9767136bfa2"
TestRunCompleteExample 2026-06-04T21:10:35+05:30 command.go:212:               [31m-[0m[0m target_resource_instance_id = ""
TestRunCompleteExample 2026-06-04T21:10:35+05:30 command.go:212:               [31m-[0m[0m target_resource_type        = ""
TestRunCompleteExample 2026-06-04T21:10:35+05:30 command.go:212:               [31m-[0m[0m target_service_name         = "kms"
TestRunCompleteExample 2026-06-04T21:10:35+05:30 command.go:212:               [31m-[0m[0m transaction_id              = "db79716835a746c5b4d75cb14f2806e1"
TestRunCompleteExample 2026-06-04T21:10:35+05:30 command.go:212:               [31m-[0m[0m version                     = [90mnull[0m[0m
TestRunCompleteExample 2026-06-04T21:10:35+05:30 command.go:212:             }
TestRunCompleteExample 2026-06-04T21:10:35+05:30 command.go:212:         }
TestRunCompleteExample 2026-06-04T21:10:35+05:30 command.go:212:       [31m-[0m[0m cbr_rules     = [
TestRunCompleteExample 2026-06-04T21:10:35+05:30 command.go:212:           [31m-[0m[0m {
TestRunCompleteExample 2026-06-04T21:10:35+05:30 command.go:212:               [31m-[0m[0m rule_crns  = "crn:v1:bluemix:public:context-based-restrictions:global:a/abac0df06b644a9cabc6e44f55b3880e::rule:454687a11c8b26961cdbf52e617663fa"
TestRunCompleteExample 2026-06-04T21:10:35+05:30 command.go:212:               [31m-[0m[0m rule_hrefs = "https://cbr.cloud.ibm.com/v1/rules/454687a11c8b26961cdbf52e617663fa"
TestRunCompleteExample 2026-06-04T21:10:35+05:30 command.go:212:               [31m-[0m[0m rule_ids   = "454687a11c8b26961cdbf52e617663fa"
TestRunCompleteExample 2026-06-04T21:10:35+05:30 command.go:212:               [31m-[0m[0m zone_crns  = [
TestRunCompleteExample 2026-06-04T21:10:35+05:30 command.go:212:                   [31m-[0m[0m "crn:v1:bluemix:public:context-based-restrictions:global:a/abac0df06b644a9cabc6e44f55b3880e::zone:9f8e789754e377595b9a978b2a7fa8b4",
TestRunCompleteExample 2026-06-04T21:10:35+05:30 command.go:212:                   [31m-[0m[0m "crn:v1:bluemix:public:context-based-restrictions:global:a/abac0df06b644a9cabc6e44f55b3880e::zone:b08d21d7606165f6683ab1125d0eaed0",
TestRunCompleteExample 2026-06-04T21:10:35+05:30 command.go:212:                 ]
TestRunCompleteExample 2026-06-04T21:10:35+05:30 command.go:212:               [31m-[0m[0m zone_hrefs = [
TestRunCompleteExample 2026-06-04T21:10:35+05:30 command.go:212:                   [31m-[0m[0m "https://cbr.cloud.ibm.com/v1/zones/9f8e789754e377595b9a978b2a7fa8b4",
TestRunCompleteExample 2026-06-04T21:10:35+05:30 command.go:212:                   [31m-[0m[0m "https://cbr.cloud.ibm.com/v1/zones/b08d21d7606165f6683ab1125d0eaed0",
TestRunCompleteExample 2026-06-04T21:10:35+05:30 command.go:212:                 ]
TestRunCompleteExample 2026-06-04T21:10:35+05:30 command.go:212:               [31m-[0m[0m zone_ids   = [
TestRunCompleteExample 2026-06-04T21:10:35+05:30 command.go:212:                   [31m-[0m[0m "9f8e789754e377595b9a978b2a7fa8b4",
TestRunCompleteExample 2026-06-04T21:10:35+05:30 command.go:212:                   [31m-[0m[0m "b08d21d7606165f6683ab1125d0eaed0",
TestRunCompleteExample 2026-06-04T21:10:35+05:30 command.go:212:                 ]
TestRunCompleteExample 2026-06-04T21:10:35+05:30 command.go:212:             },
TestRunCompleteExample 2026-06-04T21:10:35+05:30 command.go:212:         ]
TestRunCompleteExample 2026-06-04T21:10:35+05:30 command.go:212:     } [90m-> null[0m[0m
TestRunCompleteExample 2026-06-04T21:10:36+05:30 command.go:212: [0m[1mmodule.service_auth_cbr_rules.ibm_iam_authorization_policy.auth_policies["scenario-resource-attrs"]: Destroying... [id=d649381e-6b45-4a1b-9b83-c936cbb0f521][0m[0m
TestRunCompleteExample 2026-06-04T21:10:36+05:30 command.go:212: [0m[1mmodule.key_protect_instance.ibm_kms_instance_policies.key_protect_instance_policies: Destroying... [id=crn:v1:bluemix:public:kms:jp-tok:a/abac0df06b644a9cabc6e44f55b3880e:10ef879d-9f28-4414-ad97-f51435fe32f0::][0m[0m
TestRunCompleteExample 2026-06-04T21:10:36+05:30 command.go:212: [0m[1mmodule.cos_instance.ibm_cos_bucket.cos_bucket[0]: Destroying... [id=crn:v1:bluemix:public:cloud-object-storage:global:a/abac0df06b644a9cabc6e44f55b3880e:95b1d86c-6799-4c05-a0d4-72397a294cb6:bucket:s2s-z7e-cos-bucket-tgao:meta:rl:us-south:public][0m[0m
TestRunCompleteExample 2026-06-04T21:10:36+05:30 command.go:212: [0m[1mmodule.service_auth_cbr_rules.ibm_iam_authorization_policy.auth_policies["scenario-subject-attrs"]: Destroying... [id=81a95161-3637-47c3-a5b2-e54804404779][0m[0m
TestRunCompleteExample 2026-06-04T21:10:36+05:30 command.go:212: [0m[1mmodule.service_auth_cbr_rules.ibm_iam_authorization_policy.auth_policies["test-policy-1"]: Destroying... [id=b5e65a9f-4b5e-4122-9dfa-f0193babd1af][0m[0m
TestRunCompleteExample 2026-06-04T21:10:36+05:30 command.go:212: [0m[1mmodule.service_auth_cbr_rules.ibm_iam_authorization_policy.auth_policies["test-policy-2"]: Destroying... [id=ef84b8de-4737-4d92-8295-162f74e2ba0b][0m[0m
TestRunCompleteExample 2026-06-04T21:10:36+05:30 command.go:212: [0m[1mmodule.service_auth_cbr_rules.module.cbr_rules[0].module.cbr_rule[0].ibm_cbr_rule.cbr_rule: Destroying... [id=454687a11c8b26961cdbf52e617663fa][0m[0m
TestRunCompleteExample 2026-06-04T21:10:36+05:30 command.go:212: [0m[1mmodule.service_auth_cbr_rules.ibm_iam_authorization_policy.auth_policies["test-policy-3"]: Destroying... [id=2db5884c-f47f-4083-9689-eec13240bdef][0m[0m
TestRunCompleteExample 2026-06-04T21:10:36+05:30 command.go:212: [0m[1mmodule.service_auth_cbr_rules.ibm_iam_authorization_policy.auth_policies["scenario-both-attrs"]: Destroying... [id=951d6ff4-a347-45a6-9b60-909eff8ffdc9][0m[0m
TestRunCompleteExample 2026-06-04T21:10:36+05:30 command.go:212: [0m[1mmodule.key_protect_instance.ibm_kms_instance_policies.key_protect_instance_policies: Destruction complete after 0s[0m
TestRunCompleteExample 2026-06-04T21:10:37+05:30 command.go:212: [0m[1mmodule.service_auth_cbr_rules.module.cbr_rules[0].module.cbr_rule[0].ibm_cbr_rule.cbr_rule: Destruction complete after 2s[0m
TestRunCompleteExample 2026-06-04T21:10:37+05:30 command.go:212: [0m[1mmodule.service_auth_cbr_rules.module.cbr_rules[0].module.cbr_zone[1].ibm_cbr_zone.cbr_zone[0]: Destroying... [id=b08d21d7606165f6683ab1125d0eaed0][0m[0m
TestRunCompleteExample 2026-06-04T21:10:37+05:30 command.go:212: [0m[1mmodule.service_auth_cbr_rules.module.cbr_rules[0].module.cbr_zone[0].ibm_cbr_zone.cbr_zone[0]: Destroying... [id=9f8e789754e377595b9a978b2a7fa8b4][0m[0m
TestRunCompleteExample 2026-06-04T21:10:37+05:30 command.go:212: [0m[1mmodule.service_auth_cbr_rules.ibm_iam_authorization_policy.auth_policies["scenario-subject-attrs"]: Destruction complete after 2s[0m
TestRunCompleteExample 2026-06-04T21:10:37+05:30 command.go:212: [0m[1mmodule.service_auth_cbr_rules.ibm_iam_authorization_policy.auth_policies["test-policy-3"]: Destruction complete after 2s[0m
TestRunCompleteExample 2026-06-04T21:10:37+05:30 command.go:212: [0m[1mmodule.service_auth_cbr_rules.ibm_iam_authorization_policy.auth_policies["scenario-both-attrs"]: Destruction complete after 2s[0m
TestRunCompleteExample 2026-06-04T21:10:37+05:30 command.go:212: [0m[1mmodule.service_auth_cbr_rules.ibm_iam_authorization_policy.auth_policies["scenario-resource-attrs"]: Destruction complete after 2s[0m
TestRunCompleteExample 2026-06-04T21:10:38+05:30 command.go:212: [0m[1mmodule.service_auth_cbr_rules.module.cbr_rules[0].module.cbr_zone[1].ibm_cbr_zone.cbr_zone[0]: Destruction complete after 0s[0m
TestRunCompleteExample 2026-06-04T21:10:38+05:30 command.go:212: [0m[1mmodule.service_auth_cbr_rules.module.cbr_rules[0].module.cbr_zone[0].ibm_cbr_zone.cbr_zone[0]: Destruction complete after 0s[0m
TestRunCompleteExample 2026-06-04T21:10:38+05:30 command.go:212: [0m[1mibm_is_vpc.vpc_instance: Destroying... [id=r022-ddac58d2-c1f5-4275-a420-a370f6b690a6][0m[0m
TestRunCompleteExample 2026-06-04T21:10:38+05:30 command.go:212: [0m[1mmodule.service_auth_cbr_rules.ibm_iam_authorization_policy.auth_policies["test-policy-1"]: Destruction complete after 2s[0m
TestRunCompleteExample 2026-06-04T21:10:38+05:30 command.go:212: [0m[1mmodule.cos_instance.ibm_cos_bucket.cos_bucket[0]: Destruction complete after 3s[0m
TestRunCompleteExample 2026-06-04T21:10:38+05:30 command.go:212: [0m[1mmodule.cos_instance.random_string.bucket_name_suffix[0]: Destroying... [id=tgao][0m[0m
TestRunCompleteExample 2026-06-04T21:10:38+05:30 command.go:212: [0m[1mmodule.cos_instance.random_string.bucket_name_suffix[0]: Destruction complete after 0s[0m
TestRunCompleteExample 2026-06-04T21:10:38+05:30 command.go:212: [0m[1mmodule.service_auth_cbr_rules.ibm_iam_authorization_policy.auth_policies["test-policy-2"]: Destruction complete after 3s[0m
TestRunCompleteExample 2026-06-04T21:10:38+05:30 command.go:212: [0m[1mmodule.cos_instance.ibm_resource_instance.cos_instance[0]: Destroying... [id=crn:v1:bluemix:public:cloud-object-storage:global:a/abac0df06b644a9cabc6e44f55b3880e:95b1d86c-6799-4c05-a0d4-72397a294cb6::][0m[0m
TestRunCompleteExample 2026-06-04T21:10:38+05:30 command.go:212: [0m[1mmodule.key_protect_instance.ibm_resource_instance.key_protect_instance: Destroying... [id=crn:v1:bluemix:public:kms:jp-tok:a/abac0df06b644a9cabc6e44f55b3880e:10ef879d-9f28-4414-ad97-f51435fe32f0::][0m[0m
TestRunCompleteExample 2026-06-04T21:10:48+05:30 command.go:212: [0m[1mibm_is_vpc.vpc_instance: Still destroying... [id=r022-ddac58d2-c1f5-4275-a420-a370f6b690a6, 10s elapsed][0m[0m
TestRunCompleteExample 2026-06-04T21:10:48+05:30 command.go:212: [0m[1mmodule.cos_instance.ibm_resource_instance.cos_instance[0]: Still destroying... [id=crn:v1:bluemix:public:cloud-object-stor...95b1d86c-6799-4c05-a0d4-72397a294cb6::, 10s elapsed][0m[0m
TestRunCompleteExample 2026-06-04T21:10:48+05:30 command.go:212: [0m[1mmodule.key_protect_instance.ibm_resource_instance.key_protect_instance: Still destroying... [id=crn:v1:bluemix:public:kms:jp-tok:a/abac...10ef879d-9f28-4414-ad97-f51435fe32f0::, 10s elapsed][0m[0m
TestRunCompleteExample 2026-06-04T21:10:51+05:30 command.go:212: [0m[1mmodule.key_protect_instance.ibm_resource_instance.key_protect_instance: Destruction complete after 12s[0m
TestRunCompleteExample 2026-06-04T21:10:51+05:30 command.go:212: [0m[1mibm_is_vpc.vpc_instance: Destruction complete after 13s[0m
TestRunCompleteExample 2026-06-04T21:10:53+05:30 command.go:212: [0m[1mmodule.cos_instance.ibm_resource_instance.cos_instance[0]: Destruction complete after 14s[0m
TestRunCompleteExample 2026-06-04T21:10:53+05:30 command.go:212: [0m[1mmodule.resource_group.ibm_resource_group.resource_group[0]: Destroying... [id=f8bb0fc2a066425b8858d9767136bfa2][0m[0m
TestRunCompleteExample 2026-06-04T21:10:54+05:30 command.go:212: [0m[1mmodule.resource_group.ibm_resource_group.resource_group[0]: Destruction complete after 1s[0m
TestRunCompleteExample 2026-06-04T21:10:54+05:30 command.go:212: [0m[1m[32m
TestRunCompleteExample 2026-06-04T21:10:54+05:30 command.go:212: Destroy complete! Resources: 16 destroyed.
TestRunCompleteExample 2026-06-04T21:10:54+05:30 command.go:212: [0m
TestRunCompleteExample 2026-06-04T21:10:54+05:30 tests.go:276: [0m[1mmodule.cos_instance.random_string.bucket_name_suffix[0]: Refreshing state... [id=tgao][0m
[0m[1mmodule.service_auth_cbr_rules.module.cbr_rules[0].data.ibm_iam_account_settings.iam_account_settings: Reading...[0m[0m
[0m[1mdata.ibm_iam_account_settings.iam_account_settings: Reading...[0m[0m
[0m[1mmodule.resource_group.ibm_resource_group.resource_group[0]: Refreshing state... [id=f8bb0fc2a066425b8858d9767136bfa2][0m
[0m[1mdata.ibm_iam_account_settings.iam_account_settings: Read complete after 1s [id=abac0df06b644a9cabc6e44f55b3880e][0m
[0m[1mmodule.service_auth_cbr_rules.module.cbr_rules[0].data.ibm_iam_account_settings.iam_account_settings: Read complete after 1s [id=abac0df06b644a9cabc6e44f55b3880e][0m
[0m[1mmodule.key_protect_instance.ibm_resource_instance.key_protect_instance: Refreshing state... [id=crn:v1:bluemix:public:kms:jp-tok:a/abac0df06b644a9cabc6e44f55b3880e:10ef879d-9f28-4414-ad97-f51435fe32f0::][0m
[0m[1mmodule.cos_instance.ibm_resource_instance.cos_instance[0]: Refreshing state... [id=crn:v1:bluemix:public:cloud-object-storage:global:a/abac0df06b644a9cabc6e44f55b3880e:95b1d86c-6799-4c05-a0d4-72397a294cb6::][0m
[0m[1mibm_is_vpc.vpc_instance: Refreshing state... [id=r022-ddac58d2-c1f5-4275-a420-a370f6b690a6][0m
[0m[1mmodule.key_protect_instance.ibm_kms_instance_policies.key_protect_instance_policies: Refreshing state... [id=crn:v1:bluemix:public:kms:jp-tok:a/abac0df06b644a9cabc6e44f55b3880e:10ef879d-9f28-4414-ad97-f51435fe32f0::][0m
[0m[1mmodule.cos_instance.data.ibm_resource_instance.cos_instance: Reading...[0m[0m
[0m[1mmodule.cos_instance.data.ibm_resource_instance.cos_instance: Read complete after 2s [id=crn:v1:bluemix:public:cloud-object-storage:global:a/abac0df06b644a9cabc6e44f55b3880e:95b1d86c-6799-4c05-a0d4-72397a294cb6::][0m
[0m[1mmodule.cos_instance.ibm_cos_bucket.cos_bucket[0]: Refreshing state... [id=crn:v1:bluemix:public:cloud-object-storage:global:a/abac0df06b644a9cabc6e44f55b3880e:95b1d86c-6799-4c05-a0d4-72397a294cb6:bucket:s2s-z7e-cos-bucket-tgao:meta:rl:us-south:public][0m
[0m[1mmodule.service_auth_cbr_rules.ibm_iam_authorization_policy.auth_policies["test-policy-2"]: Refreshing state... [id=ef84b8de-4737-4d92-8295-162f74e2ba0b][0m
[0m[1mmodule.service_auth_cbr_rules.ibm_iam_authorization_policy.auth_policies["test-policy-3"]: Refreshing state... [id=2db5884c-f47f-4083-9689-eec13240bdef][0m
[0m[1mmodule.service_auth_cbr_rules.ibm_iam_authorization_policy.auth_policies["scenario-resource-attrs"]: Refreshing state... [id=d649381e-6b45-4a1b-9b83-c936cbb0f521][0m
[0m[1mmodule.service_auth_cbr_rules.ibm_iam_authorization_policy.auth_policies["test-policy-1"]: Refreshing state... [id=b5e65a9f-4b5e-4122-9dfa-f0193babd1af][0m
[0m[1mmodule.service_auth_cbr_rules.ibm_iam_authorization_policy.auth_policies["scenario-both-attrs"]: Refreshing state... [id=951d6ff4-a347-45a6-9b60-909eff8ffdc9][0m
[0m[1mmodule.service_auth_cbr_rules.ibm_iam_authorization_policy.auth_policies["scenario-subject-attrs"]: Refreshing state... [id=81a95161-3637-47c3-a5b2-e54804404779][0m
[0m[1mmodule.service_auth_cbr_rules.module.cbr_rules[0].module.cbr_zone[1].ibm_cbr_zone.cbr_zone[0]: Refreshing state... [id=b08d21d7606165f6683ab1125d0eaed0][0m
[0m[1mmodule.service_auth_cbr_rules.module.cbr_rules[0].module.cbr_zone[0].ibm_cbr_zone.cbr_zone[0]: Refreshing state... [id=9f8e789754e377595b9a978b2a7fa8b4][0m
[0m[1mmodule.service_auth_cbr_rules.module.cbr_rules[0].module.cbr_rule[0].ibm_cbr_rule.cbr_rule: Refreshing state... [id=454687a11c8b26961cdbf52e617663fa][0m

Terraform used the selected providers to generate the following execution
plan. Resource actions are indicated with the following symbols:
  [31m-[0m destroy[0m

Terraform will perform the following actions:

[1m  # ibm_is_vpc.vpc_instance[0m will be [1m[31mdestroyed[0m
[0m  [31m-[0m[0m resource "ibm_is_vpc" "vpc_instance" {
      [31m-[0m[0m access_tags                 = [] [90m-> null[0m[0m
      [31m-[0m[0m address_prefix_management   = "auto" [90m-> null[0m[0m
      [31m-[0m[0m classic_access              = false [90m-> null[0m[0m
      [31m-[0m[0m crn                         = "crn:v1:bluemix:public:is:jp-tok:a/abac0df06b644a9cabc6e44f55b3880e::vpc:r022-ddac58d2-c1f5-4275-a420-a370f6b690a6" [90m-> null[0m[0m
      [31m-[0m[0m cse_source_addresses        = [
          [31m-[0m[0m {
              [31m-[0m[0m address   = "10.223.194.125"
              [31m-[0m[0m zone_name = "jp-tok-1"
            },
          [31m-[0m[0m {
              [31m-[0m[0m address   = "10.223.208.187"
              [31m-[0m[0m zone_name = "jp-tok-2"
            },
          [31m-[0m[0m {
              [31m-[0m[0m address   = "10.223.217.248"
              [31m-[0m[0m zone_name = "jp-tok-3"
            },
        ] [90m-> null[0m[0m
      [31m-[0m[0m default_address_prefixes    = {
          [31m-[0m[0m "jp-tok-1" = "10.244.0.0/18"
          [31m-[0m[0m "jp-tok-2" = "10.244.64.0/18"
          [31m-[0m[0m "jp-tok-3" = "10.244.128.0/18"
        } [90m-> null[0m[0m
      [31m-[0m[0m default_network_acl         = "r022-f28cd680-847e-4772-8c5d-825d9dad5e05" [90m-> null[0m[0m
      [31m-[0m[0m default_network_acl_crn     = "crn:v1:bluemix:public:is:jp-tok:a/abac0df06b644a9cabc6e44f55b3880e::network-acl:r022-f28cd680-847e-4772-8c5d-825d9dad5e05" [90m-> null[0m[0m
      [31m-[0m[0m default_network_acl_name    = "dental-askew-captive-macaw" [90m-> null[0m[0m
      [31m-[0m[0m default_routing_table       = "r022-e667bd1b-2de0-49a4-9367-7bb231afb94d" [90m-> null[0m[0m
      [31m-[0m[0m default_routing_table_crn   = "crn:v1:bluemix:public:is:jp-tok:a/abac0df06b644a9cabc6e44f55b3880e::vpc-routing-table:r022-ddac58d2-c1f5-4275-a420-a370f6b690a6/r022-e667bd1b-2de0-49a4-9367-7bb231afb94d" [90m-> null[0m[0m
      [31m-[0m[0m default_routing_table_name  = "coexist-posting-nuttiness-viper" [90m-> null[0m[0m
      [31m-[0m[0m default_security_group      = "r022-ed094282-fd60-4008-bc88-e6b7cf1c86e6" [90m-> null[0m[0m
      [31m-[0m[0m default_security_group_crn  = "crn:v1:bluemix:public:is:jp-tok:a/abac0df06b644a9cabc6e44f55b3880e::security-group:r022-ed094282-fd60-4008-bc88-e6b7cf1c86e6" [90m-> null[0m[0m
      [31m-[0m[0m default_security_group_name = "freeload-untaken-raisin-lurex" [90m-> null[0m[0m
      [31m-[0m[0m health_reasons              = [] [90m-> null[0m[0m
      [31m-[0m[0m health_state                = "ok" [90m-> null[0m[0m
      [31m-[0m[0m id                          = "r022-ddac58d2-c1f5-4275-a420-a370f6b690a6" [90m-> null[0m[0m
      [31m-[0m[0m name                        = "s2s-z7e-vpc" [90m-> null[0m[0m
      [31m-[0m[0m no_sg_acl_rules             = false [90m-> null[0m[0m
      [31m-[0m[0m public_address_ranges       = [] [90m-> null[0m[0m
      [31m-[0m[0m resource_controller_url     = "https://cloud.ibm.com/vpc-ext/network/vpcs" [90m-> null[0m[0m
      [31m-[0m[0m resource_crn                = "crn:v1:bluemix:public:is:jp-tok:a/abac0df06b644a9cabc6e44f55b3880e::vpc:r022-ddac58d2-c1f5-4275-a420-a370f6b690a6" [90m-> null[0m[0m
      [31m-[0m[0m resource_group              = "f8bb0fc2a066425b8858d9767136bfa2" [90m-> null[0m[0m
      [31m-[0m[0m resource_group_name         = "s2s-z7e-resource-group" [90m-> null[0m[0m
      [31m-[0m[0m resource_name               = "s2s-z7e-vpc" [90m-> null[0m[0m
      [31m-[0m[0m resource_status             = "available" [90m-> null[0m[0m
      [31m-[0m[0m security_group              = [
          [31m-[0m[0m {
              [31m-[0m[0m group_id   = "r022-ed094282-fd60-4008-bc88-e6b7cf1c86e6"
              [31m-[0m[0m group_name = "freeload-untaken-raisin-lurex"
              [31m-[0m[0m rules      = [
                  [31m-[0m[0m {
                      [31m-[0m[0m code       = 0
                      [31m-[0m[0m direction  = "outbound"
                      [31m-[0m[0m ip_version = "ipv4"
                      [31m-[0m[0m port_max   = 0
                      [31m-[0m[0m port_min   = 0
                      [31m-[0m[0m protocol   = "icmp_tcp_udp"
                      [31m-[0m[0m remote     = "0.0.0.0/0"
                      [31m-[0m[0m rule_id    = "r022-900b4717-94c4-4adc-a1fe-a7cde0aecbee"
                      [31m-[0m[0m type       = 0
                    },
                  [31m-[0m[0m {
                      [31m-[0m[0m code       = 0
                      [31m-[0m[0m direction  = "inbound"
                      [31m-[0m[0m ip_version = "ipv4"
                      [31m-[0m[0m port_max   = 0
                      [31m-[0m[0m port_min   = 0
                      [31m-[0m[0m protocol   = "icmp_tcp_udp"
                      [31m-[0m[0m remote     = "r022-ed094282-fd60-4008-bc88-e6b7cf1c86e6"
                      [31m-[0m[0m rule_id    = "r022-c2b86d38-8460-402e-b2af-370063998ed6"
                      [31m-[0m[0m type       = 0
                    },
                ]
            },
        ] [90m-> null[0m[0m
      [31m-[0m[0m status                      = "available" [90m-> null[0m[0m
      [31m-[0m[0m subnets                     = [] [90m-> null[0m[0m
      [31m-[0m[0m tags                        = [] [90m-> null[0m[0m

      [31m-[0m[0m dns {
          [31m-[0m[0m enable_hub               = false [90m-> null[0m[0m
          [31m-[0m[0m resolution_binding_count = 0 [90m-> null[0m[0m

          [31m-[0m[0m resolver {
              [31m-[0m[0m configuration         = "default" [90m-> null[0m[0m
              [31m-[0m[0m servers               = [
                  [31m-[0m[0m {
                      [31m-[0m[0m address       = "161.26.0.10"
                        [90m# (1 unchanged attribute hidden)[0m[0m
                    },
                  [31m-[0m[0m {
                      [31m-[0m[0m address       = "161.26.0.11"
                        [90m# (1 unchanged attribute hidden)[0m[0m
                    },
                ] [90m-> null[0m[0m
              [31m-[0m[0m type                  = "system" [90m-> null[0m[0m
                [90m# (7 unchanged attributes hidden)[0m[0m
            }
        }
    }

[1m  # module.cos_instance.ibm_cos_bucket.cos_bucket[0][0m will be [1m[31mdestroyed[0m
[0m  [31m-[0m[0m resource "ibm_cos_bucket" "cos_bucket" {
      [31m-[0m[0m allowed_ip           = [] [90m-> null[0m[0m
      [31m-[0m[0m bucket_name          = "s2s-z7e-cos-bucket-tgao" [90m-> null[0m[0m
      [31m-[0m[0m crn                  = "crn:v1:bluemix:public:cloud-object-storage:global:a/abac0df06b644a9cabc6e44f55b3880e:95b1d86c-6799-4c05-a0d4-72397a294cb6:bucket:s2s-z7e-cos-bucket-tgao" [90m-> null[0m[0m
      [31m-[0m[0m endpoint_type        = "public" [90m-> null[0m[0m
      [31m-[0m[0m force_delete         = true [90m-> null[0m[0m
      [31m-[0m[0m hard_quota           = 0 [90m-> null[0m[0m
      [31m-[0m[0m id                   = "crn:v1:bluemix:public:cloud-object-storage:global:a/abac0df06b644a9cabc6e44f55b3880e:95b1d86c-6799-4c05-a0d4-72397a294cb6:bucket:s2s-z7e-cos-bucket-tgao:meta:rl:us-south:public" [90m-> null[0m[0m
      [31m-[0m[0m object_lock          = false [90m-> null[0m[0m
      [31m-[0m[0m region_location      = "us-south" [90m-> null[0m[0m
      [31m-[0m[0m resource_instance_id = "crn:v1:bluemix:public:cloud-object-storage:global:a/abac0df06b644a9cabc6e44f55b3880e:95b1d86c-6799-4c05-a0d4-72397a294cb6::" [90m-> null[0m[0m
      [31m-[0m[0m s3_endpoint_direct   = "s3.direct.us-south.cloud-object-storage.appdomain.cloud" [90m-> null[0m[0m
      [31m-[0m[0m s3_endpoint_private  = "s3.private.us-south.cloud-object-storage.appdomain.cloud" [90m-> null[0m[0m
      [31m-[0m[0m s3_endpoint_public   = "s3.us-south.cloud-object-storage.appdomain.cloud" [90m-> null[0m[0m
      [31m-[0m[0m storage_class        = "standard" [90m-> null[0m[0m

      [31m-[0m[0m activity_tracking {
          [31m-[0m[0m management_events    = true [90m-> null[0m[0m
          [31m-[0m[0m read_data_events     = true [90m-> null[0m[0m
          [31m-[0m[0m write_data_events    = true [90m-> null[0m[0m
            [90m# (1 unchanged attribute hidden)[0m[0m
        }

      [31m-[0m[0m metrics_monitoring {
          [31m-[0m[0m request_metrics_enabled = true [90m-> null[0m[0m
          [31m-[0m[0m usage_metrics_enabled   = true [90m-> null[0m[0m
            [90m# (1 unchanged attribute hidden)[0m[0m
        }
    }

[1m  # module.cos_instance.ibm_resource_instance.cos_instance[0][0m will be [1m[31mdestroyed[0m
[0m  [31m-[0m[0m resource "ibm_resource_instance" "cos_instance" {
      [31m-[0m[0m account_id              = "abac0df06b644a9cabc6e44f55b3880e" [90m-> null[0m[0m
      [31m-[0m[0m allow_cleanup           = false [90m-> null[0m[0m
      [31m-[0m[0m created_at              = "2026-06-04T15:38:45.930Z" [90m-> null[0m[0m
      [31m-[0m[0m created_by              = "IBMid-666002IZ2Y" [90m-> null[0m[0m
      [31m-[0m[0m crn                     = "crn:v1:bluemix:public:cloud-object-storage:global:a/abac0df06b644a9cabc6e44f55b3880e:95b1d86c-6799-4c05-a0d4-72397a294cb6::" [90m-> null[0m[0m
      [31m-[0m[0m dashboard_url           = "https://cloud.ibm.com/objectstorage/crn%3Av1%3Abluemix%3Apublic%3Acloud-object-storage%3Aglobal%3Aa%2Fabac0df06b644a9cabc6e44f55b3880e%3A95b1d86c-6799-4c05-a0d4-72397a294cb6%3A%3A" [90m-> null[0m[0m
      [31m-[0m[0m extensions              = {} [90m-> null[0m[0m
      [31m-[0m[0m guid                    = "95b1d86c-6799-4c05-a0d4-72397a294cb6" [90m-> null[0m[0m
      [31m-[0m[0m id                      = "crn:v1:bluemix:public:cloud-object-storage:global:a/abac0df06b644a9cabc6e44f55b3880e:95b1d86c-6799-4c05-a0d4-72397a294cb6::" [90m-> null[0m[0m
      [31m-[0m[0m last_operation          = {
          [31m-[0m[0m "async"       = "false"
          [31m-[0m[0m "cancelable"  = "false"
          [31m-[0m[0m "description" = "Completed create instance operation"
          [31m-[0m[0m "poll"        = "false"
          [31m-[0m[0m "state"       = "succeeded"
          [31m-[0m[0m "type"        = "create"
        } [90m-> null[0m[0m
      [31m-[0m[0m location                = "global" [90m-> null[0m[0m
      [31m-[0m[0m locked                  = false [90m-> null[0m[0m
      [31m-[0m[0m name                    = "s2s-z7e-cos" [90m-> null[0m[0m
      [31m-[0m[0m onetime_credentials     = false [90m-> null[0m[0m
      [31m-[0m[0m plan                    = "standard" [90m-> null[0m[0m
      [31m-[0m[0m plan_history            = [
          [31m-[0m[0m {
              [31m-[0m[0m resource_plan_id = "744bfc56-d12c-4866-88d5-dac9139e0e5d"
              [31m-[0m[0m start_date       = "2026-06-04T15:38:45.930Z"
            },
        ] [90m-> null[0m[0m
      [31m-[0m[0m resource_aliases_url    = "/v2/resource_instances/95b1d86c-6799-4c05-a0d4-72397a294cb6/resource_aliases" [90m-> null[0m[0m
      [31m-[0m[0m resource_bindings_url   = "/v2/resource_instances/95b1d86c-6799-4c05-a0d4-72397a294cb6/resource_bindings" [90m-> null[0m[0m
      [31m-[0m[0m resource_controller_url = "https://cloud.ibm.com/services/" [90m-> null[0m[0m
      [31m-[0m[0m resource_crn            = "crn:v1:bluemix:public:cloud-object-storage:global:a/abac0df06b644a9cabc6e44f55b3880e:95b1d86c-6799-4c05-a0d4-72397a294cb6::" [90m-> null[0m[0m
      [31m-[0m[0m resource_group_crn      = "crn:v1:bluemix:public:resource-controller::a/abac0df06b644a9cabc6e44f55b3880e::resource-group:f8bb0fc2a066425b8858d9767136bfa2" [90m-> null[0m[0m
      [31m-[0m[0m resource_group_id       = "f8bb0fc2a066425b8858d9767136bfa2" [90m-> null[0m[0m
      [31m-[0m[0m resource_group_name     = "crn:v1:bluemix:public:resource-controller::a/abac0df06b644a9cabc6e44f55b3880e::resource-group:f8bb0fc2a066425b8858d9767136bfa2" [90m-> null[0m[0m
      [31m-[0m[0m resource_id             = "dff97f5c-bc5e-4455-b470-411c3edbe49c" [90m-> null[0m[0m
      [31m-[0m[0m resource_keys_url       = "/v2/resource_instances/95b1d86c-6799-4c05-a0d4-72397a294cb6/resource_keys" [90m-> null[0m[0m
      [31m-[0m[0m resource_name           = "s2s-z7e-cos" [90m-> null[0m[0m
      [31m-[0m[0m resource_plan_id        = "744bfc56-d12c-4866-88d5-dac9139e0e5d" [90m-> null[0m[0m
      [31m-[0m[0m resource_status         = "active" [90m-> null[0m[0m
      [31m-[0m[0m service                 = "cloud-object-storage" [90m-> null[0m[0m
      [31m-[0m[0m state                   = "active" [90m-> null[0m[0m
      [31m-[0m[0m status                  = "active" [90m-> null[0m[0m
      [31m-[0m[0m tags                    = [] [90m-> null[0m[0m
      [31m-[0m[0m target_crn              = "crn:v1:bluemix:public:globalcatalog::::deployment:744bfc56-d12c-4866-88d5-dac9139e0e5d%3Aglobal" [90m-> null[0m[0m
      [31m-[0m[0m type                    = "service_instance" [90m-> null[0m[0m
      [31m-[0m[0m update_at               = "2026-06-04T15:38:48.144Z" [90m-> null[0m[0m
        [90m# (5 unchanged attributes hidden)[0m[0m
    }

[1m  # module.cos_instance.random_string.bucket_name_suffix[0][0m will be [1m[31mdestroyed[0m
[0m  [31m-[0m[0m resource "random_string" "bucket_name_suffix" {
      [31m-[0m[0m id          = "tgao" [90m-> null[0m[0m
      [31m-[0m[0m length      = 4 [90m-> null[0m[0m
      [31m-[0m[0m lower       = true [90m-> null[0m[0m
      [31m-[0m[0m min_lower   = 0 [90m-> null[0m[0m
      [31m-[0m[0m min_numeric = 0 [90m-> null[0m[0m
      [31m-[0m[0m min_special = 0 [90m-> null[0m[0m
      [31m-[0m[0m min_upper   = 0 [90m-> null[0m[0m
      [31m-[0m[0m number      = true [90m-> null[0m[0m
      [31m-[0m[0m numeric     = true [90m-> null[0m[0m
      [31m-[0m[0m result      = "tgao" [90m-> null[0m[0m
      [31m-[0m[0m special     = false [90m-> null[0m[0m
      [31m-[0m[0m upper       = false [90m-> null[0m[0m
    }

[1m  # module.key_protect_instance.ibm_kms_instance_policies.key_protect_instance_policies[0m will be [1m[31mdestroyed[0m
[0m  [31m-[0m[0m resource "ibm_kms_instance_policies" "key_protect_instance_policies" {
      [31m-[0m[0m endpoint_type = "public" [90m-> null[0m[0m
      [31m-[0m[0m id            = "crn:v1:bluemix:public:kms:jp-tok:a/abac0df06b644a9cabc6e44f55b3880e:10ef879d-9f28-4414-ad97-f51435fe32f0::" [90m-> null[0m[0m
      [31m-[0m[0m instance_id   = "10ef879d-9f28-4414-ad97-f51435fe32f0" [90m-> null[0m[0m

      [31m-[0m[0m dual_auth_delete {
          [31m-[0m[0m created_by    = "IBMid-666002IZ2Y" [90m-> null[0m[0m
          [31m-[0m[0m creation_date = "2026-06-04 15:39:01 +0000 UTC" [90m-> null[0m[0m
          [31m-[0m[0m enabled       = false [90m-> null[0m[0m
          [31m-[0m[0m last_updated  = "2026-06-04 15:39:01 +0000 UTC" [90m-> null[0m[0m
          [31m-[0m[0m updated_by    = "IBMid-666002IZ2Y" [90m-> null[0m[0m
        }

      [31m-[0m[0m key_create_import_access {
          [31m-[0m[0m create_root_key     = true [90m-> null[0m[0m
          [31m-[0m[0m create_standard_key = true [90m-> null[0m[0m
          [31m-[0m[0m created_by          = "IBMid-666002IZ2Y" [90m-> null[0m[0m
          [31m-[0m[0m creation_date       = "2026-06-04 15:39:01 +0000 UTC" [90m-> null[0m[0m
          [31m-[0m[0m enabled             = true [90m-> null[0m[0m
          [31m-[0m[0m enforce_token       = false [90m-> null[0m[0m
          [31m-[0m[0m import_root_key     = true [90m-> null[0m[0m
          [31m-[0m[0m import_standard_key = true [90m-> null[0m[0m
          [31m-[0m[0m last_updated        = "2026-06-04 15:39:01 +0000 UTC" [90m-> null[0m[0m
          [31m-[0m[0m updated_by          = "IBMid-666002IZ2Y" [90m-> null[0m[0m
        }

      [31m-[0m[0m metrics {
          [31m-[0m[0m created_by    = "IBMid-666002IZ2Y" [90m-> null[0m[0m
          [31m-[0m[0m creation_date = "2026-06-04 15:39:01 +0000 UTC" [90m-> null[0m[0m
          [31m-[0m[0m enabled       = true [90m-> null[0m[0m
          [31m-[0m[0m last_updated  = "2026-06-04 15:39:01 +0000 UTC" [90m-> null[0m[0m
          [31m-[0m[0m updated_by    = "IBMid-666002IZ2Y" [90m-> null[0m[0m
        }

      [31m-[0m[0m rotation {
          [31m-[0m[0m created_by     = "IBMid-666002IZ2Y" [90m-> null[0m[0m
          [31m-[0m[0m creation_date  = "2026-06-04 15:39:01 +0000 UTC" [90m-> null[0m[0m
          [31m-[0m[0m enabled        = true [90m-> null[0m[0m
          [31m-[0m[0m interval_month = 1 [90m-> null[0m[0m
          [31m-[0m[0m last_updated   = "2026-06-04 15:39:01 +0000 UTC" [90m-> null[0m[0m
          [31m-[0m[0m updated_by     = "IBMid-666002IZ2Y" [90m-> null[0m[0m
        }
    }

[1m  # module.key_protect_instance.ibm_resource_instance.key_protect_instance[0m will be [1m[31mdestroyed[0m
[0m  [31m-[0m[0m resource "ibm_resource_instance" "key_protect_instance" {
      [31m-[0m[0m account_id              = "abac0df06b644a9cabc6e44f55b3880e" [90m-> null[0m[0m
      [31m-[0m[0m allow_cleanup           = false [90m-> null[0m[0m
      [31m-[0m[0m created_at              = "2026-06-04T15:38:45.870Z" [90m-> null[0m[0m
      [31m-[0m[0m created_by              = "IBMid-666002IZ2Y" [90m-> null[0m[0m
      [31m-[0m[0m crn                     = "crn:v1:bluemix:public:kms:jp-tok:a/abac0df06b644a9cabc6e44f55b3880e:10ef879d-9f28-4414-ad97-f51435fe32f0::" [90m-> null[0m[0m
      [31m-[0m[0m dashboard_url           = "/keyprotect/crn%3Av1%3Abluemix%3Apublic%3Akms%3Ajp-tok%3Aa%2Fabac0df06b644a9cabc6e44f55b3880e%3A10ef879d-9f28-4414-ad97-f51435fe32f0%3A%3A" [90m-> null[0m[0m
      [31m-[0m[0m extensions              = {
          [31m-[0m[0m "endpoints.private" = "https://private.jp-tok.kms.cloud.ibm.com"
          [31m-[0m[0m "endpoints.public"  = "https://jp-tok.kms.cloud.ibm.com"
          [31m-[0m[0m "type"              = "multi-tenant"
        } [90m-> null[0m[0m
      [31m-[0m[0m guid                    = "10ef879d-9f28-4414-ad97-f51435fe32f0" [90m-> null[0m[0m
      [31m-[0m[0m id                      = "crn:v1:bluemix:public:kms:jp-tok:a/abac0df06b644a9cabc6e44f55b3880e:10ef879d-9f28-4414-ad97-f51435fe32f0::" [90m-> null[0m[0m
      [31m-[0m[0m last_operation          = {
          [31m-[0m[0m "async"       = "false"
          [31m-[0m[0m "cancelable"  = "false"
          [31m-[0m[0m "description" = "Completed create instance operation"
          [31m-[0m[0m "poll"        = "false"
          [31m-[0m[0m "state"       = "succeeded"
          [31m-[0m[0m "type"        = "create"
        } [90m-> null[0m[0m
      [31m-[0m[0m location                = "jp-tok" [90m-> null[0m[0m
      [31m-[0m[0m locked                  = false [90m-> null[0m[0m
      [31m-[0m[0m name                    = "s2s-z7e-key-protect" [90m-> null[0m[0m
      [31m-[0m[0m onetime_credentials     = false [90m-> null[0m[0m
      [31m-[0m[0m parameters              = {
          [31m-[0m[0m "allowed_network" = "public-and-private"
        } [90m-> null[0m[0m
      [31m-[0m[0m plan                    = "tiered-pricing" [90m-> null[0m[0m
      [31m-[0m[0m plan_history            = [
          [31m-[0m[0m {
              [31m-[0m[0m resource_plan_id = "eedd3585-90c6-4c8f-be3d-062069e99fc3"
              [31m-[0m[0m start_date       = "2026-06-04T15:38:45.870Z"
            },
        ] [90m-> null[0m[0m
      [31m-[0m[0m resource_aliases_url    = "/v2/resource_instances/10ef879d-9f28-4414-ad97-f51435fe32f0/resource_aliases" [90m-> null[0m[0m
      [31m-[0m[0m resource_bindings_url   = "/v2/resource_instances/10ef879d-9f28-4414-ad97-f51435fe32f0/resource_bindings" [90m-> null[0m[0m
      [31m-[0m[0m resource_controller_url = "https://cloud.ibm.com/services/" [90m-> null[0m[0m
      [31m-[0m[0m resource_crn            = "crn:v1:bluemix:public:kms:jp-tok:a/abac0df06b644a9cabc6e44f55b3880e:10ef879d-9f28-4414-ad97-f51435fe32f0::" [90m-> null[0m[0m
      [31m-[0m[0m resource_group_crn      = "crn:v1:bluemix:public:resource-controller::a/abac0df06b644a9cabc6e44f55b3880e::resource-group:f8bb0fc2a066425b8858d9767136bfa2" [90m-> null[0m[0m
      [31m-[0m[0m resource_group_id       = "f8bb0fc2a066425b8858d9767136bfa2" [90m-> null[0m[0m
      [31m-[0m[0m resource_group_name     = "crn:v1:bluemix:public:resource-controller::a/abac0df06b644a9cabc6e44f55b3880e::resource-group:f8bb0fc2a066425b8858d9767136bfa2" [90m-> null[0m[0m
      [31m-[0m[0m resource_id             = "ee41347f-b18e-4ca6-bf80-b5467c63f9a6" [90m-> null[0m[0m
      [31m-[0m[0m resource_keys_url       = "/v2/resource_instances/10ef879d-9f28-4414-ad97-f51435fe32f0/resource_keys" [90m-> null[0m[0m
      [31m-[0m[0m resource_name           = "s2s-z7e-key-protect" [90m-> null[0m[0m
      [31m-[0m[0m resource_plan_id        = "eedd3585-90c6-4c8f-be3d-062069e99fc3" [90m-> null[0m[0m
      [31m-[0m[0m resource_status         = "active" [90m-> null[0m[0m
      [31m-[0m[0m service                 = "kms" [90m-> null[0m[0m
      [31m-[0m[0m state                   = "active" [90m-> null[0m[0m
      [31m-[0m[0m status                  = "active" [90m-> null[0m[0m
      [31m-[0m[0m sub_type                = "kms" [90m-> null[0m[0m
      [31m-[0m[0m tags                    = [] [90m-> null[0m[0m
      [31m-[0m[0m target_crn              = "crn:v1:bluemix:public:globalcatalog::::deployment:eedd3585-90c6-4c8f-be3d-062069e99fc3%3Ajp-tok" [90m-> null[0m[0m
      [31m-[0m[0m type                    = "service_instance" [90m-> null[0m[0m
      [31m-[0m[0m update_at               = "2026-06-04T15:38:47.392Z" [90m-> null[0m[0m
        [90m# (4 unchanged attributes hidden)[0m[0m
    }

[1m  # module.resource_group.ibm_resource_group.resource_group[0][0m will be [1m[31mdestroyed[0m
[0m  [31m-[0m[0m resource "ibm_resource_group" "resource_group" {
      [31m-[0m[0m created_at        = "2026-06-04T15:38:39.508Z" [90m-> null[0m[0m
      [31m-[0m[0m crn               = "crn:v1:bluemix:public:resource-controller::a/abac0df06b644a9cabc6e44f55b3880e::resource-group:f8bb0fc2a066425b8858d9767136bfa2" [90m-> null[0m[0m
      [31m-[0m[0m default           = false [90m-> null[0m[0m
      [31m-[0m[0m id                = "f8bb0fc2a066425b8858d9767136bfa2" [90m-> null[0m[0m
      [31m-[0m[0m name              = "s2s-z7e-resource-group" [90m-> null[0m[0m
      [31m-[0m[0m quota_id          = "a3d7b8d01e261c24677937c29ab33f3c" [90m-> null[0m[0m
      [31m-[0m[0m quota_url         = "/v2/quota_definitions/a3d7b8d01e261c24677937c29ab33f3c" [90m-> null[0m[0m
      [31m-[0m[0m resource_linkages = [] [90m-> null[0m[0m
      [31m-[0m[0m state             = "ACTIVE" [90m-> null[0m[0m
      [31m-[0m[0m updated_at        = "2026-06-04T15:38:39.508Z" [90m-> null[0m[0m
    }

[1m  # module.service_auth_cbr_rules.ibm_iam_authorization_policy.auth_policies["scenario-both-attrs"][0m will be [1m[31mdestroyed[0m
[0m  [31m-[0m[0m resource "ibm_iam_authorization_policy" "auth_policies" {
      [31m-[0m[0m description                 = "Scenario: Both dynamic attributes - COS account to KMS keys" [90m-> null[0m[0m
      [31m-[0m[0m id                          = "951d6ff4-a347-45a6-9b60-909eff8ffdc9" [90m-> null[0m[0m
      [31m-[0m[0m roles                       = [
          [31m-[0m[0m "Reader",
        ] [90m-> null[0m[0m
      [31m-[0m[0m source_service_account      = "abac0df06b644a9cabc6e44f55b3880e" [90m-> null[0m[0m
      [31m-[0m[0m source_service_name         = "cloud-object-storage" [90m-> null[0m[0m
      [31m-[0m[0m target_resource_type        = "key" [90m-> null[0m[0m
      [31m-[0m[0m target_service_name         = "kms" [90m-> null[0m[0m
      [31m-[0m[0m transaction_id              = "87b645b2cfb74fd085d7b4b82e7dbd47" [90m-> null[0m[0m
        [90m# (5 unchanged attributes hidden)[0m[0m

      [31m-[0m[0m resource_attributes {
          [31m-[0m[0m name     = "accountId" [90m-> null[0m[0m
          [31m-[0m[0m operator = "stringEquals" [90m-> null[0m[0m
          [31m-[0m[0m value    = "abac0df06b644a9cabc6e44f55b3880e" [90m-> null[0m[0m
        }
      [31m-[0m[0m resource_attributes {
          [31m-[0m[0m name     = "resourceType" [90m-> null[0m[0m
          [31m-[0m[0m operator = "stringEquals" [90m-> null[0m[0m
          [31m-[0m[0m value    = "key" [90m-> null[0m[0m
        }
      [31m-[0m[0m resource_attributes {
          [31m-[0m[0m name     = "serviceName" [90m-> null[0m[0m
          [31m-[0m[0m operator = "stringEquals" [90m-> null[0m[0m
          [31m-[0m[0m value    = "kms" [90m-> null[0m[0m
        }

      [31m-[0m[0m subject_attributes {
          [31m-[0m[0m name     = "accountId" [90m-> null[0m[0m
          [31m-[0m[0m operator = "stringEquals" [90m-> null[0m[0m
          [31m-[0m[0m value    = "abac0df06b644a9cabc6e44f55b3880e" [90m-> null[0m[0m
        }
      [31m-[0m[0m subject_attributes {
          [31m-[0m[0m name     = "serviceName" [90m-> null[0m[0m
          [31m-[0m[0m operator = "stringEquals" [90m-> null[0m[0m
          [31m-[0m[0m value    = "cloud-object-storage" [90m-> null[0m[0m
        }
    }

[1m  # module.service_auth_cbr_rules.ibm_iam_authorization_policy.auth_policies["scenario-resource-attrs"][0m will be [1m[31mdestroyed[0m
[0m  [31m-[0m[0m resource "ibm_iam_authorization_policy" "auth_policies" {
      [31m-[0m[0m description                 = "Scenario: Static source with dynamic resource - COS instance to KMS account" [90m-> null[0m[0m
      [31m-[0m[0m id                          = "d649381e-6b45-4a1b-9b83-c936cbb0f521" [90m-> null[0m[0m
      [31m-[0m[0m roles                       = [
          [31m-[0m[0m "Reader",
        ] [90m-> null[0m[0m
      [31m-[0m[0m source_resource_instance_id = "95b1d86c-6799-4c05-a0d4-72397a294cb6" [90m-> null[0m[0m
      [31m-[0m[0m source_service_account      = "abac0df06b644a9cabc6e44f55b3880e" [90m-> null[0m[0m
      [31m-[0m[0m source_service_name         = "cloud-object-storage" [90m-> null[0m[0m
      [31m-[0m[0m target_service_name         = "kms" [90m-> null[0m[0m
      [31m-[0m[0m transaction_id              = "9daa0d17796a4e2783a7cad220aea043" [90m-> null[0m[0m
        [90m# (5 unchanged attributes hidden)[0m[0m

      [31m-[0m[0m resource_attributes {
          [31m-[0m[0m name     = "accountId" [90m-> null[0m[0m
          [31m-[0m[0m operator = "stringEquals" [90m-> null[0m[0m
          [31m-[0m[0m value    = "abac0df06b644a9cabc6e44f55b3880e" [90m-> null[0m[0m
        }
      [31m-[0m[0m resource_attributes {
          [31m-[0m[0m name     = "serviceName" [90m-> null[0m[0m
          [31m-[0m[0m operator = "stringEquals" [90m-> null[0m[0m
          [31m-[0m[0m value    = "kms" [90m-> null[0m[0m
        }
    }

[1m  # module.service_auth_cbr_rules.ibm_iam_authorization_policy.auth_policies["scenario-subject-attrs"][0m will be [1m[31mdestroyed[0m
[0m  [31m-[0m[0m resource "ibm_iam_authorization_policy" "auth_policies" {
      [31m-[0m[0m description                 = "Scenario: Dynamic subject with static target - COS account to KMS RG" [90m-> null[0m[0m
      [31m-[0m[0m id                          = "81a95161-3637-47c3-a5b2-e54804404779" [90m-> null[0m[0m
      [31m-[0m[0m roles                       = [
          [31m-[0m[0m "Reader",
        ] [90m-> null[0m[0m
      [31m-[0m[0m source_service_account      = "abac0df06b644a9cabc6e44f55b3880e" [90m-> null[0m[0m
      [31m-[0m[0m source_service_name         = "cloud-object-storage" [90m-> null[0m[0m
      [31m-[0m[0m target_resource_group_id    = "f8bb0fc2a066425b8858d9767136bfa2" [90m-> null[0m[0m
      [31m-[0m[0m target_service_name         = "kms" [90m-> null[0m[0m
      [31m-[0m[0m transaction_id              = "60c0a258d9af4ee886d313eb0ac5e721" [90m-> null[0m[0m
        [90m# (5 unchanged attributes hidden)[0m[0m

      [31m-[0m[0m resource_attributes {
          [31m-[0m[0m name     = "accountId" [90m-> null[0m[0m
          [31m-[0m[0m operator = "stringEquals" [90m-> null[0m[0m
          [31m-[0m[0m value    = "abac0df06b644a9cabc6e44f55b3880e" [90m-> null[0m[0m
        }
      [31m-[0m[0m resource_attributes {
          [31m-[0m[0m name     = "resourceGroupId" [90m-> null[0m[0m
          [31m-[0m[0m operator = "stringEquals" [90m-> null[0m[0m
          [31m-[0m[0m value    = "f8bb0fc2a066425b8858d9767136bfa2" [90m-> null[0m[0m
        }
      [31m-[0m[0m resource_attributes {
          [31m-[0m[0m name     = "serviceName" [90m-> null[0m[0m
          [31m-[0m[0m operator = "stringEquals" [90m-> null[0m[0m
          [31m-[0m[0m value    = "kms" [90m-> null[0m[0m
        }

      [31m-[0m[0m subject_attributes {
          [31m-[0m[0m name     = "accountId" [90m-> null[0m[0m
          [31m-[0m[0m operator = "stringEquals" [90m-> null[0m[0m
          [31m-[0m[0m value    = "abac0df06b644a9cabc6e44f55b3880e" [90m-> null[0m[0m
        }
      [31m-[0m[0m subject_attributes {
          [31m-[0m[0m name     = "serviceName" [90m-> null[0m[0m
          [31m-[0m[0m operator = "stringEquals" [90m-> null[0m[0m
          [31m-[0m[0m value    = "cloud-object-storage" [90m-> null[0m[0m
        }
    }

[1m  # module.service_auth_cbr_rules.ibm_iam_authorization_policy.auth_policies["test-policy-1"][0m will be [1m[31mdestroyed[0m
[0m  [31m-[0m[0m resource "ibm_iam_authorization_policy" "auth_policies" {
      [31m-[0m[0m description                 = "This is a test policy locked to 2 instance IDs" [90m-> null[0m[0m
      [31m-[0m[0m id                          = "b5e65a9f-4b5e-4122-9dfa-f0193babd1af" [90m-> null[0m[0m
      [31m-[0m[0m roles                       = [
          [31m-[0m[0m "Reader",
        ] [90m-> null[0m[0m
      [31m-[0m[0m source_resource_instance_id = "95b1d86c-6799-4c05-a0d4-72397a294cb6" [90m-> null[0m[0m
      [31m-[0m[0m source_service_account      = "abac0df06b644a9cabc6e44f55b3880e" [90m-> null[0m[0m
      [31m-[0m[0m source_service_name         = "cloud-object-storage" [90m-> null[0m[0m
      [31m-[0m[0m target_resource_instance_id = "10ef879d-9f28-4414-ad97-f51435fe32f0" [90m-> null[0m[0m
      [31m-[0m[0m target_service_name         = "kms" [90m-> null[0m[0m
      [31m-[0m[0m transaction_id              = "eed31b216d60463691cea4e69322f984" [90m-> null[0m[0m
        [90m# (4 unchanged attributes hidden)[0m[0m

      [31m-[0m[0m resource_attributes {
          [31m-[0m[0m name     = "accountId" [90m-> null[0m[0m
          [31m-[0m[0m operator = "stringEquals" [90m-> null[0m[0m
          [31m-[0m[0m value    = "abac0df06b644a9cabc6e44f55b3880e" [90m-> null[0m[0m
        }
      [31m-[0m[0m resource_attributes {
          [31m-[0m[0m name     = "serviceInstance" [90m-> null[0m[0m
          [31m-[0m[0m operator = "stringEquals" [90m-> null[0m[0m
          [31m-[0m[0m value    = "10ef879d-9f28-4414-ad97-f51435fe32f0" [90m-> null[0m[0m
        }
      [31m-[0m[0m resource_attributes {
          [31m-[0m[0m name     = "serviceName" [90m-> null[0m[0m
          [31m-[0m[0m operator = "stringEquals" [90m-> null[0m[0m
          [31m-[0m[0m value    = "kms" [90m-> null[0m[0m
        }
    }

[1m  # module.service_auth_cbr_rules.ibm_iam_authorization_policy.auth_policies["test-policy-2"][0m will be [1m[31mdestroyed[0m
[0m  [31m-[0m[0m resource "ibm_iam_authorization_policy" "auth_policies" {
      [31m-[0m[0m description                 = "This is a test policy locked to target instance ID" [90m-> null[0m[0m
      [31m-[0m[0m id                          = "ef84b8de-4737-4d92-8295-162f74e2ba0b" [90m-> null[0m[0m
      [31m-[0m[0m roles                       = [
          [31m-[0m[0m "Reader",
        ] [90m-> null[0m[0m
      [31m-[0m[0m source_resource_group_id    = "f8bb0fc2a066425b8858d9767136bfa2" [90m-> null[0m[0m
      [31m-[0m[0m source_service_account      = "abac0df06b644a9cabc6e44f55b3880e" [90m-> null[0m[0m
      [31m-[0m[0m source_service_name         = "cloud-object-storage" [90m-> null[0m[0m
      [31m-[0m[0m target_resource_instance_id = "10ef879d-9f28-4414-ad97-f51435fe32f0" [90m-> null[0m[0m
      [31m-[0m[0m target_service_name         = "kms" [90m-> null[0m[0m
      [31m-[0m[0m transaction_id              = "6de373f3833d46b4bb6d3027a99117dd" [90m-> null[0m[0m
        [90m# (4 unchanged attributes hidden)[0m[0m

      [31m-[0m[0m resource_attributes {
          [31m-[0m[0m name     = "accountId" [90m-> null[0m[0m
          [31m-[0m[0m operator = "stringEquals" [90m-> null[0m[0m
          [31m-[0m[0m value    = "abac0df06b644a9cabc6e44f55b3880e" [90m-> null[0m[0m
        }
      [31m-[0m[0m resource_attributes {
          [31m-[0m[0m name     = "serviceInstance" [90m-> null[0m[0m
          [31m-[0m[0m operator = "stringEquals" [90m-> null[0m[0m
          [31m-[0m[0m value    = "10ef879d-9f28-4414-ad97-f51435fe32f0" [90m-> null[0m[0m
        }
      [31m-[0m[0m resource_attributes {
          [31m-[0m[0m name     = "serviceName" [90m-> null[0m[0m
          [31m-[0m[0m operator = "stringEquals" [90m-> null[0m[0m
          [31m-[0m[0m value    = "kms" [90m-> null[0m[0m
        }
    }

[1m  # module.service_auth_cbr_rules.ibm_iam_authorization_policy.auth_policies["test-policy-3"][0m will be [1m[31mdestroyed[0m
[0m  [31m-[0m[0m resource "ibm_iam_authorization_policy" "auth_policies" {
      [31m-[0m[0m description                 = "This is a test policy locked to source instance ID" [90m-> null[0m[0m
      [31m-[0m[0m id                          = "2db5884c-f47f-4083-9689-eec13240bdef" [90m-> null[0m[0m
      [31m-[0m[0m roles                       = [
          [31m-[0m[0m "Reader",
        ] [90m-> null[0m[0m
      [31m-[0m[0m source_resource_instance_id = "95b1d86c-6799-4c05-a0d4-72397a294cb6" [90m-> null[0m[0m
      [31m-[0m[0m source_service_account      = "abac0df06b644a9cabc6e44f55b3880e" [90m-> null[0m[0m
      [31m-[0m[0m source_service_name         = "cloud-object-storage" [90m-> null[0m[0m
      [31m-[0m[0m target_resource_group_id    = "f8bb0fc2a066425b8858d9767136bfa2" [90m-> null[0m[0m
      [31m-[0m[0m target_service_name         = "kms" [90m-> null[0m[0m
      [31m-[0m[0m transaction_id              = "db79716835a746c5b4d75cb14f2806e1" [90m-> null[0m[0m
        [90m# (4 unchanged attributes hidden)[0m[0m

      [31m-[0m[0m resource_attributes {
          [31m-[0m[0m name     = "accountId" [90m-> null[0m[0m
          [31m-[0m[0m operator = "stringEquals" [90m-> null[0m[0m
          [31m-[0m[0m value    = "abac0df06b644a9cabc6e44f55b3880e" [90m-> null[0m[0m
        }
      [31m-[0m[0m resource_attributes {
          [31m-[0m[0m name     = "resourceGroupId" [90m-> null[0m[0m
          [31m-[0m[0m operator = "stringEquals" [90m-> null[0m[0m
          [31m-[0m[0m value    = "f8bb0fc2a066425b8858d9767136bfa2" [90m-> null[0m[0m
        }
      [31m-[0m[0m resource_attributes {
          [31m-[0m[0m name     = "serviceName" [90m-> null[0m[0m
          [31m-[0m[0m operator = "stringEquals" [90m-> null[0m[0m
          [31m-[0m[0m value    = "kms" [90m-> null[0m[0m
        }
    }

[1m  # module.service_auth_cbr_rules.module.cbr_rules[0].module.cbr_rule[0].ibm_cbr_rule.cbr_rule[0m will be [1m[31mdestroyed[0m
[0m  [31m-[0m[0m resource "ibm_cbr_rule" "cbr_rule" {
      [31m-[0m[0m created_at          = "2026-06-04T15:39:14.000Z" [90m-> null[0m[0m
      [31m-[0m[0m created_by_id       = "IBMid-666002IZ2Y" [90m-> null[0m[0m
      [31m-[0m[0m crn                 = "crn:v1:bluemix:public:context-based-restrictions:global:a/abac0df06b644a9cabc6e44f55b3880e::rule:454687a11c8b26961cdbf52e617663fa" [90m-> null[0m[0m
      [31m-[0m[0m description         = "s2s-z7e-kms-serviceprofile-rule" [90m-> null[0m[0m
      [31m-[0m[0m enforcement_mode    = "report" [90m-> null[0m[0m
      [31m-[0m[0m etag                = "1-d83f160f4630b7716bca06b6219b7162" [90m-> null[0m[0m
      [31m-[0m[0m href                = "https://cbr.cloud.ibm.com/v1/rules/454687a11c8b26961cdbf52e617663fa" [90m-> null[0m[0m
      [31m-[0m[0m id                  = "454687a11c8b26961cdbf52e617663fa" [90m-> null[0m[0m
      [31m-[0m[0m last_modified_at    = "2026-06-04T15:39:14.000Z" [90m-> null[0m[0m
      [31m-[0m[0m last_modified_by_id = "IBMid-666002IZ2Y" [90m-> null[0m[0m

      [31m-[0m[0m contexts {
          [31m-[0m[0m attributes {
              [31m-[0m[0m name  = "endpointType" [90m-> null[0m[0m
              [31m-[0m[0m value = "private" [90m-> null[0m[0m
            }
          [31m-[0m[0m attributes {
              [31m-[0m[0m name  = "networkZoneId" [90m-> null[0m[0m
              [31m-[0m[0m value = "9f8e789754e377595b9a978b2a7fa8b4,b08d21d7606165f6683ab1125d0eaed0" [90m-> null[0m[0m
            }
        }

      [31m-[0m[0m operations {
          [31m-[0m[0m api_types {
              [31m-[0m[0m api_type_id  = "crn:v1:bluemix:public:context-based-restrictions::::api-type:" [90m-> null[0m[0m
                [90m# (2 unchanged attributes hidden)[0m[0m
            }
        }

      [31m-[0m[0m resources {
          [31m-[0m[0m attributes {
              [31m-[0m[0m name     = "accountId" [90m-> null[0m[0m
              [31m-[0m[0m operator = "stringEquals" [90m-> null[0m[0m
              [31m-[0m[0m value    = "abac0df06b644a9cabc6e44f55b3880e" [90m-> null[0m[0m
            }
          [31m-[0m[0m attributes {
              [31m-[0m[0m name     = "resourceGroupId" [90m-> null[0m[0m
              [31m-[0m[0m operator = "stringEquals" [90m-> null[0m[0m
              [31m-[0m[0m value    = "f8bb0fc2a066425b8858d9767136bfa2" [90m-> null[0m[0m
            }
          [31m-[0m[0m attributes {
              [31m-[0m[0m name     = "serviceName" [90m-> null[0m[0m
              [31m-[0m[0m operator = "stringEquals" [90m-> null[0m[0m
              [31m-[0m[0m value    = "kms" [90m-> null[0m[0m
            }
        }
    }

[1m  # module.service_auth_cbr_rules.module.cbr_rules[0].module.cbr_zone[0].ibm_cbr_zone.cbr_zone[0][0m will be [1m[31mdestroyed[0m
[0m  [31m-[0m[0m resource "ibm_cbr_zone" "cbr_zone" {
      [31m-[0m[0m account_id          = "abac0df06b644a9cabc6e44f55b3880e" [90m-> null[0m[0m
      [31m-[0m[0m address_count       = 1 [90m-> null[0m[0m
      [31m-[0m[0m created_at          = "2026-06-04T15:39:13.000Z" [90m-> null[0m[0m
      [31m-[0m[0m created_by_id       = "IBMid-666002IZ2Y" [90m-> null[0m[0m
      [31m-[0m[0m crn                 = "crn:v1:bluemix:public:context-based-restrictions:global:a/abac0df06b644a9cabc6e44f55b3880e::zone:9f8e789754e377595b9a978b2a7fa8b4" [90m-> null[0m[0m
      [31m-[0m[0m description         = "s2s-z7e-cbr-vpc-zone" [90m-> null[0m[0m
      [31m-[0m[0m etag                = "1-ea1c7007fff7782fbcc685b24fea6406" [90m-> null[0m[0m
      [31m-[0m[0m excluded_count      = 0 [90m-> null[0m[0m
      [31m-[0m[0m href                = "https://cbr.cloud.ibm.com/v1/zones/9f8e789754e377595b9a978b2a7fa8b4" [90m-> null[0m[0m
      [31m-[0m[0m id                  = "9f8e789754e377595b9a978b2a7fa8b4" [90m-> null[0m[0m
      [31m-[0m[0m last_modified_at    = "2026-06-04T15:39:13.000Z" [90m-> null[0m[0m
      [31m-[0m[0m last_modified_by_id = "IBMid-666002IZ2Y" [90m-> null[0m[0m
      [31m-[0m[0m name                = "s2s-z7e-cbr-vpc-zone" [90m-> null[0m[0m

      [31m-[0m[0m addresses {
          [31m-[0m[0m type  = "vpc" [90m-> null[0m[0m
          [31m-[0m[0m value = "crn:v1:bluemix:public:is:jp-tok:a/abac0df06b644a9cabc6e44f55b3880e::vpc:r022-ddac58d2-c1f5-4275-a420-a370f6b690a6" [90m-> null[0m[0m
        }
    }

[1m  # module.service_auth_cbr_rules.module.cbr_rules[0].module.cbr_zone[1].ibm_cbr_zone.cbr_zone[0][0m will be [1m[31mdestroyed[0m
[0m  [31m-[0m[0m resource "ibm_cbr_zone" "cbr_zone" {
      [31m-[0m[0m account_id          = "abac0df06b644a9cabc6e44f55b3880e" [90m-> null[0m[0m
      [31m-[0m[0m address_count       = 1 [90m-> null[0m[0m
      [31m-[0m[0m created_at          = "2026-06-04T15:39:13.000Z" [90m-> null[0m[0m
      [31m-[0m[0m created_by_id       = "IBMid-666002IZ2Y" [90m-> null[0m[0m
      [31m-[0m[0m crn                 = "crn:v1:bluemix:public:context-based-restrictions:global:a/abac0df06b644a9cabc6e44f55b3880e::zone:b08d21d7606165f6683ab1125d0eaed0" [90m-> null[0m[0m
      [31m-[0m[0m description         = "cloud-object-storage-cbr-serviceref-zone" [90m-> null[0m[0m
      [31m-[0m[0m etag                = "1-30c1ba21813f7af494887fbd3a9a2dd5" [90m-> null[0m[0m
      [31m-[0m[0m excluded_count      = 0 [90m-> null[0m[0m
      [31m-[0m[0m href                = "https://cbr.cloud.ibm.com/v1/zones/b08d21d7606165f6683ab1125d0eaed0" [90m-> null[0m[0m
      [31m-[0m[0m id                  = "b08d21d7606165f6683ab1125d0eaed0" [90m-> null[0m[0m
      [31m-[0m[0m last_modified_at    = "2026-06-04T15:39:13.000Z" [90m-> null[0m[0m
      [31m-[0m[0m last_modified_by_id = "IBMid-666002IZ2Y" [90m-> null[0m[0m
      [31m-[0m[0m name                = "s2s-z7e-cloud-object-storage-cbr-serviceref-zone" [90m-> null[0m[0m

      [31m-[0m[0m addresses {
          [31m-[0m[0m type  = "serviceRef" [90m-> null[0m[0m
            [90m# (1 unchanged attribute hidden)[0m[0m

          [31m-[0m[0m ref {
              [31m-[0m[0m account_id       = "abac0df06b644a9cabc6e44f55b3880e" [90m-> null[0m[0m
              [31m-[0m[0m service_name     = "cloud-object-storage" [90m-> null[0m[0m
                [90m# (3 unchanged attributes hidden)[0m[0m
            }
        }
    }

[1mPlan:[0m 0 to add, 0 to change, 16 to destroy.
[0m
Changes to Outputs:
  [31m-[0m[0m cos_instance              = "f8bb0fc2a066425b8858d9767136bfa2" [90m-> null[0m[0m
  [31m-[0m[0m key_protect_instance_guid = "10ef879d-9f28-4414-ad97-f51435fe32f0" [90m-> null[0m[0m
  [31m-[0m[0m service_auth_cbr_rules    = {
      [31m-[0m[0m auth_policies = {
          [31m-[0m[0m scenario-both-attrs     = {
              [31m-[0m[0m description                 = "Scenario: Both dynamic attributes - COS account to KMS keys"
              [31m-[0m[0m id                          = "951d6ff4-a347-45a6-9b60-909eff8ffdc9"
              [31m-[0m[0m resource_attributes         = [
                  [31m-[0m[0m {
                      [31m-[0m[0m name     = "accountId"
                      [31m-[0m[0m operator = "stringEquals"
                      [31m-[0m[0m value    = "abac0df06b644a9cabc6e44f55b3880e"
                    },
                  [31m-[0m[0m {
                      [31m-[0m[0m name     = "resourceType"
                      [31m-[0m[0m operator = "stringEquals"
                      [31m-[0m[0m value    = "key"
                    },
                  [31m-[0m[0m {
                      [31m-[0m[0m name     = "serviceName"
                      [31m-[0m[0m operator = "stringEquals"
                      [31m-[0m[0m value    = "kms"
                    },
                ]
              [31m-[0m[0m roles                       = [
                  [31m-[0m[0m "Reader",
                ]
              [31m-[0m[0m source_resource_group_id    = ""
              [31m-[0m[0m source_resource_instance_id = ""
              [31m-[0m[0m source_resource_type        = ""
              [31m-[0m[0m source_service_account      = "abac0df06b644a9cabc6e44f55b3880e"
              [31m-[0m[0m source_service_name         = "cloud-object-storage"
              [31m-[0m[0m subject_attributes          = [
                  [31m-[0m[0m {
                      [31m-[0m[0m name     = "accountId"
                      [31m-[0m[0m operator = "stringEquals"
                      [31m-[0m[0m value    = "abac0df06b644a9cabc6e44f55b3880e"
                    },
                  [31m-[0m[0m {
                      [31m-[0m[0m name     = "serviceName"
                      [31m-[0m[0m operator = "stringEquals"
                      [31m-[0m[0m value    = "cloud-object-storage"
                    },
                ]
              [31m-[0m[0m target_resource_group_id    = ""
              [31m-[0m[0m target_resource_instance_id = ""
              [31m-[0m[0m target_resource_type        = "key"
              [31m-[0m[0m target_service_name         = "kms"
              [31m-[0m[0m transaction_id              = "87b645b2cfb74fd085d7b4b82e7dbd47"
              [31m-[0m[0m version                     = [90mnull[0m[0m
            }
          [31m-[0m[0m scenario-resource-attrs = {
              [31m-[0m[0m description                 = "Scenario: Static source with dynamic resource - COS instance to KMS account"
              [31m-[0m[0m id                          = "d649381e-6b45-4a1b-9b83-c936cbb0f521"
              [31m-[0m[0m resource_attributes         = [
                  [31m-[0m[0m {
                      [31m-[0m[0m name     = "accountId"
                      [31m-[0m[0m operator = "stringEquals"
                      [31m-[0m[0m value    = "abac0df06b644a9cabc6e44f55b3880e"
                    },
                  [31m-[0m[0m {
                      [31m-[0m[0m name     = "serviceName"
                      [31m-[0m[0m operator = "stringEquals"
                      [31m-[0m[0m value    = "kms"
                    },
                ]
              [31m-[0m[0m roles                       = [
                  [31m-[0m[0m "Reader",
                ]
              [31m-[0m[0m source_resource_group_id    = ""
              [31m-[0m[0m source_resource_instance_id = "95b1d86c-6799-4c05-a0d4-72397a294cb6"
              [31m-[0m[0m source_resource_type        = ""
              [31m-[0m[0m source_service_account      = "abac0df06b644a9cabc6e44f55b3880e"
              [31m-[0m[0m source_service_name         = "cloud-object-storage"
              [31m-[0m[0m subject_attributes          = []
              [31m-[0m[0m target_resource_group_id    = ""
              [31m-[0m[0m target_resource_instance_id = ""
              [31m-[0m[0m target_resource_type        = ""
              [31m-[0m[0m target_service_name         = "kms"
              [31m-[0m[0m transaction_id              = "9daa0d17796a4e2783a7cad220aea043"
              [31m-[0m[0m version                     = [90mnull[0m[0m
            }
          [31m-[0m[0m scenario-subject-attrs  = {
              [31m-[0m[0m description                 = "Scenario: Dynamic subject with static target - COS account to KMS RG"
              [31m-[0m[0m id                          = "81a95161-3637-47c3-a5b2-e54804404779"
              [31m-[0m[0m resource_attributes         = [
                  [31m-[0m[0m {
                      [31m-[0m[0m name     = "accountId"
                      [31m-[0m[0m operator = "stringEquals"
                      [31m-[0m[0m value    = "abac0df06b644a9cabc6e44f55b3880e"
                    },
                  [31m-[0m[0m {
                      [31m-[0m[0m name     = "resourceGroupId"
                      [31m-[0m[0m operator = "stringEquals"
                      [31m-[0m[0m value    = "f8bb0fc2a066425b8858d9767136bfa2"
                    },
                  [31m-[0m[0m {
                      [31m-[0m[0m name     = "serviceName"
                      [31m-[0m[0m operator = "stringEquals"
                      [31m-[0m[0m value    = "kms"
                    },
                ]
              [31m-[0m[0m roles                       = [
                  [31m-[0m[0m "Reader",
                ]
              [31m-[0m[0m source_resource_group_id    = ""
              [31m-[0m[0m source_resource_instance_id = ""
              [31m-[0m[0m source_resource_type        = ""
              [31m-[0m[0m source_service_account      = "abac0df06b644a9cabc6e44f55b3880e"
              [31m-[0m[0m source_service_name         = "cloud-object-storage"
              [31m-[0m[0m subject_attributes          = [
                  [31m-[0m[0m {
                      [31m-[0m[0m name     = "accountId"
                      [31m-[0m[0m operator = "stringEquals"
                      [31m-[0m[0m value    = "abac0df06b644a9cabc6e44f55b3880e"
                    },
                  [31m-[0m[0m {
                      [31m-[0m[0m name     = "serviceName"
                      [31m-[0m[0m operator = "stringEquals"
                      [31m-[0m[0m value    = "cloud-object-storage"
                    },
                ]
              [31m-[0m[0m target_resource_group_id    = "f8bb0fc2a066425b8858d9767136bfa2"
              [31m-[0m[0m target_resource_instance_id = ""
              [31m-[0m[0m target_resource_type        = ""
              [31m-[0m[0m target_service_name         = "kms"
              [31m-[0m[0m transaction_id              = "60c0a258d9af4ee886d313eb0ac5e721"
              [31m-[0m[0m version                     = [90mnull[0m[0m
            }
          [31m-[0m[0m test-policy-1           = {
              [31m-[0m[0m description                 = "This is a test policy locked to 2 instance IDs"
              [31m-[0m[0m id                          = "b5e65a9f-4b5e-4122-9dfa-f0193babd1af"
              [31m-[0m[0m resource_attributes         = [
                  [31m-[0m[0m {
                      [31m-[0m[0m name     = "accountId"
                      [31m-[0m[0m operator = "stringEquals"
                      [31m-[0m[0m value    = "abac0df06b644a9cabc6e44f55b3880e"
                    },
                  [31m-[0m[0m {
                      [31m-[0m[0m name     = "serviceInstance"
                      [31m-[0m[0m operator = "stringEquals"
                      [31m-[0m[0m value    = "10ef879d-9f28-4414-ad97-f51435fe32f0"
                    },
                  [31m-[0m[0m {
                      [31m-[0m[0m name     = "serviceName"
                      [31m-[0m[0m operator = "stringEquals"
                      [31m-[0m[0m value    = "kms"
                    },
                ]
              [31m-[0m[0m roles                       = [
                  [31m-[0m[0m "Reader",
                ]
              [31m-[0m[0m source_resource_group_id    = ""
              [31m-[0m[0m source_resource_instance_id = "95b1d86c-6799-4c05-a0d4-72397a294cb6"
              [31m-[0m[0m source_resource_type        = ""
              [31m-[0m[0m source_service_account      = "abac0df06b644a9cabc6e44f55b3880e"
              [31m-[0m[0m source_service_name         = "cloud-object-storage"
              [31m-[0m[0m subject_attributes          = []
              [31m-[0m[0m target_resource_group_id    = ""
              [31m-[0m[0m target_resource_instance_id = "10ef879d-9f28-4414-ad97-f51435fe32f0"
              [31m-[0m[0m target_resource_type        = ""
              [31m-[0m[0m target_service_name         = "kms"
              [31m-[0m[0m transaction_id              = "eed31b216d60463691cea4e69322f984"
              [31m-[0m[0m version                     = [90mnull[0m[0m
            }
          [31m-[0m[0m test-policy-2           = {
              [31m-[0m[0m description                 = "This is a test policy locked to target instance ID"
              [31m-[0m[0m id                          = "ef84b8de-4737-4d92-8295-162f74e2ba0b"
              [31m-[0m[0m resource_attributes         = [
                  [31m-[0m[0m {
                      [31m-[0m[0m name     = "accountId"
                      [31m-[0m[0m operator = "stringEquals"
                      [31m-[0m[0m value    = "abac0df06b644a9cabc6e44f55b3880e"
                    },
                  [31m-[0m[0m {
                      [31m-[0m[0m name     = "serviceInstance"
                      [31m-[0m[0m operator = "stringEquals"
                      [31m-[0m[0m value    = "10ef879d-9f28-4414-ad97-f51435fe32f0"
                    },
                  [31m-[0m[0m {
                      [31m-[0m[0m name     = "serviceName"
                      [31m-[0m[0m operator = "stringEquals"
                      [31m-[0m[0m value    = "kms"
                    },
                ]
              [31m-[0m[0m roles                       = [
                  [31m-[0m[0m "Reader",
                ]
              [31m-[0m[0m source_resource_group_id    = "f8bb0fc2a066425b8858d9767136bfa2"
              [31m-[0m[0m source_resource_instance_id = ""
              [31m-[0m[0m source_resource_type        = ""
              [31m-[0m[0m source_service_account      = "abac0df06b644a9cabc6e44f55b3880e"
              [31m-[0m[0m source_service_name         = "cloud-object-storage"
              [31m-[0m[0m subject_attributes          = []
              [31m-[0m[0m target_resource_group_id    = ""
              [31m-[0m[0m target_resource_instance_id = "10ef879d-9f28-4414-ad97-f51435fe32f0"
              [31m-[0m[0m target_resource_type        = ""
              [31m-[0m[0m target_service_name         = "kms"
              [31m-[0m[0m transaction_id              = "6de373f3833d46b4bb6d3027a99117dd"
              [31m-[0m[0m version                     = [90mnull[0m[0m
            }
          [31m-[0m[0m test-policy-3           = {
              [31m-[0m[0m description                 = "This is a test policy locked to source instance ID"
              [31m-[0m[0m id                          = "2db5884c-f47f-4083-9689-eec13240bdef"
              [31m-[0m[0m resource_attributes         = [
                  [31m-[0m[0m {
                      [31m-[0m[0m name     = "accountId"
                      [31m-[0m[0m operator = "stringEquals"
                      [31m-[0m[0m value    = "abac0df06b644a9cabc6e44f55b3880e"
                    },
                  [31m-[0m[0m {
                      [31m-[0m[0m name     = "resourceGroupId"
                      [31m-[0m[0m operator = "stringEquals"
                      [31m-[0m[0m value    = "f8bb0fc2a066425b8858d9767136bfa2"
                    },
                  [31m-[0m[0m {
                      [31m-[0m[0m name     = "serviceName"
                      [31m-[0m[0m operator = "stringEquals"
                      [31m-[0m[0m value    = "kms"
                    },
                ]
              [31m-[0m[0m roles                       = [
                  [31m-[0m[0m "Reader",
                ]
              [31m-[0m[0m source_resource_group_id    = ""
              [31m-[0m[0m source_resource_instance_id = "95b1d86c-6799-4c05-a0d4-72397a294cb6"
              [31m-[0m[0m source_resource_type        = ""
              [31m-[0m[0m source_service_account      = "abac0df06b644a9cabc6e44f55b3880e"
              [31m-[0m[0m source_service_name         = "cloud-object-storage"
              [31m-[0m[0m subject_attributes          = []
              [31m-[0m[0m target_resource_group_id    = "f8bb0fc2a066425b8858d9767136bfa2"
              [31m-[0m[0m target_resource_instance_id = ""
              [31m-[0m[0m target_resource_type        = ""
              [31m-[0m[0m target_service_name         = "kms"
              [31m-[0m[0m transaction_id              = "db79716835a746c5b4d75cb14f2806e1"
              [31m-[0m[0m version                     = [90mnull[0m[0m
            }
        }
      [31m-[0m[0m cbr_rules     = [
          [31m-[0m[0m {
              [31m-[0m[0m rule_crns  = "crn:v1:bluemix:public:context-based-restrictions:global:a/abac0df06b644a9cabc6e44f55b3880e::rule:454687a11c8b26961cdbf52e617663fa"
              [31m-[0m[0m rule_hrefs = "https://cbr.cloud.ibm.com/v1/rules/454687a11c8b26961cdbf52e617663fa"
              [31m-[0m[0m rule_ids   = "454687a11c8b26961cdbf52e617663fa"
              [31m-[0m[0m zone_crns  = [
                  [31m-[0m[0m "crn:v1:bluemix:public:context-based-restrictions:global:a/abac0df06b644a9cabc6e44f55b3880e::zone:9f8e789754e377595b9a978b2a7fa8b4",
                  [31m-[0m[0m "crn:v1:bluemix:public:context-based-restrictions:global:a/abac0df06b644a9cabc6e44f55b3880e::zone:b08d21d7606165f6683ab1125d0eaed0",
                ]
              [31m-[0m[0m zone_hrefs = [
                  [31m-[0m[0m "https://cbr.cloud.ibm.com/v1/zones/9f8e789754e377595b9a978b2a7fa8b4",
                  [31m-[0m[0m "https://cbr.cloud.ibm.com/v1/zones/b08d21d7606165f6683ab1125d0eaed0",
                ]
              [31m-[0m[0m zone_ids   = [
                  [31m-[0m[0m "9f8e789754e377595b9a978b2a7fa8b4",
                  [31m-[0m[0m "b08d21d7606165f6683ab1125d0eaed0",
                ]
            },
        ]
    } [90m-> null[0m[0m
[0m[1mmodule.service_auth_cbr_rules.ibm_iam_authorization_policy.auth_policies["scenario-resource-attrs"]: Destroying... [id=d649381e-6b45-4a1b-9b83-c936cbb0f521][0m[0m
[0m[1mmodule.key_protect_instance.ibm_kms_instance_policies.key_protect_instance_policies: Destroying... [id=crn:v1:bluemix:public:kms:jp-tok:a/abac0df06b644a9cabc6e44f55b3880e:10ef879d-9f28-4414-ad97-f51435fe32f0::][0m[0m
[0m[1mmodule.cos_instance.ibm_cos_bucket.cos_bucket[0]: Destroying... [id=crn:v1:bluemix:public:cloud-object-storage:global:a/abac0df06b644a9cabc6e44f55b3880e:95b1d86c-6799-4c05-a0d4-72397a294cb6:bucket:s2s-z7e-cos-bucket-tgao:meta:rl:us-south:public][0m[0m
[0m[1mmodule.service_auth_cbr_rules.ibm_iam_authorization_policy.auth_policies["scenario-subject-attrs"]: Destroying... [id=81a95161-3637-47c3-a5b2-e54804404779][0m[0m
[0m[1mmodule.service_auth_cbr_rules.ibm_iam_authorization_policy.auth_policies["test-policy-1"]: Destroying... [id=b5e65a9f-4b5e-4122-9dfa-f0193babd1af][0m[0m
[0m[1mmodule.service_auth_cbr_rules.ibm_iam_authorization_policy.auth_policies["test-policy-2"]: Destroying... [id=ef84b8de-4737-4d92-8295-162f74e2ba0b][0m[0m
[0m[1mmodule.service_auth_cbr_rules.module.cbr_rules[0].module.cbr_rule[0].ibm_cbr_rule.cbr_rule: Destroying... [id=454687a11c8b26961cdbf52e617663fa][0m[0m
[0m[1mmodule.service_auth_cbr_rules.ibm_iam_authorization_policy.auth_policies["test-policy-3"]: Destroying... [id=2db5884c-f47f-4083-9689-eec13240bdef][0m[0m
[0m[1mmodule.service_auth_cbr_rules.ibm_iam_authorization_policy.auth_policies["scenario-both-attrs"]: Destroying... [id=951d6ff4-a347-45a6-9b60-909eff8ffdc9][0m[0m
[0m[1mmodule.key_protect_instance.ibm_kms_instance_policies.key_protect_instance_policies: Destruction complete after 0s[0m
[0m[1mmodule.service_auth_cbr_rules.module.cbr_rules[0].module.cbr_rule[0].ibm_cbr_rule.cbr_rule: Destruction complete after 2s[0m
[0m[1mmodule.service_auth_cbr_rules.module.cbr_rules[0].module.cbr_zone[1].ibm_cbr_zone.cbr_zone[0]: Destroying... [id=b08d21d7606165f6683ab1125d0eaed0][0m[0m
[0m[1mmodule.service_auth_cbr_rules.module.cbr_rules[0].module.cbr_zone[0].ibm_cbr_zone.cbr_zone[0]: Destroying... [id=9f8e789754e377595b9a978b2a7fa8b4][0m[0m
[0m[1mmodule.service_auth_cbr_rules.ibm_iam_authorization_policy.auth_policies["scenario-subject-attrs"]: Destruction complete after 2s[0m
[0m[1mmodule.service_auth_cbr_rules.ibm_iam_authorization_policy.auth_policies["test-policy-3"]: Destruction complete after 2s[0m
[0m[1mmodule.service_auth_cbr_rules.ibm_iam_authorization_policy.auth_policies["scenario-both-attrs"]: Destruction complete after 2s[0m
[0m[1mmodule.service_auth_cbr_rules.ibm_iam_authorization_policy.auth_policies["scenario-resource-attrs"]: Destruction complete after 2s[0m
[0m[1mmodule.service_auth_cbr_rules.module.cbr_rules[0].module.cbr_zone[1].ibm_cbr_zone.cbr_zone[0]: Destruction complete after 0s[0m
[0m[1mmodule.service_auth_cbr_rules.module.cbr_rules[0].module.cbr_zone[0].ibm_cbr_zone.cbr_zone[0]: Destruction complete after 0s[0m
[0m[1mibm_is_vpc.vpc_instance: Destroying... [id=r022-ddac58d2-c1f5-4275-a420-a370f6b690a6][0m[0m
[0m[1mmodule.service_auth_cbr_rules.ibm_iam_authorization_policy.auth_policies["test-policy-1"]: Destruction complete after 2s[0m
[0m[1mmodule.cos_instance.ibm_cos_bucket.cos_bucket[0]: Destruction complete after 3s[0m
[0m[1mmodule.cos_instance.random_string.bucket_name_suffix[0]: Destroying... [id=tgao][0m[0m
[0m[1mmodule.cos_instance.random_string.bucket_name_suffix[0]: Destruction complete after 0s[0m
[0m[1mmodule.service_auth_cbr_rules.ibm_iam_authorization_policy.auth_policies["test-policy-2"]: Destruction complete after 3s[0m
[0m[1mmodule.cos_instance.ibm_resource_instance.cos_instance[0]: Destroying... [id=crn:v1:bluemix:public:cloud-object-storage:global:a/abac0df06b644a9cabc6e44f55b3880e:95b1d86c-6799-4c05-a0d4-72397a294cb6::][0m[0m
[0m[1mmodule.key_protect_instance.ibm_resource_instance.key_protect_instance: Destroying... [id=crn:v1:bluemix:public:kms:jp-tok:a/abac0df06b644a9cabc6e44f55b3880e:10ef879d-9f28-4414-ad97-f51435fe32f0::][0m[0m
[0m[1mibm_is_vpc.vpc_instance: Still destroying... [id=r022-ddac58d2-c1f5-4275-a420-a370f6b690a6, 10s elapsed][0m[0m
[0m[1mmodule.cos_instance.ibm_resource_instance.cos_instance[0]: Still destroying... [id=crn:v1:bluemix:public:cloud-object-stor...95b1d86c-6799-4c05-a0d4-72397a294cb6::, 10s elapsed][0m[0m
[0m[1mmodule.key_protect_instance.ibm_resource_instance.key_protect_instance: Still destroying... [id=crn:v1:bluemix:public:kms:jp-tok:a/abac...10ef879d-9f28-4414-ad97-f51435fe32f0::, 10s elapsed][0m[0m
[0m[1mmodule.key_protect_instance.ibm_resource_instance.key_protect_instance: Destruction complete after 12s[0m
[0m[1mibm_is_vpc.vpc_instance: Destruction complete after 13s[0m
[0m[1mmodule.cos_instance.ibm_resource_instance.cos_instance[0]: Destruction complete after 14s[0m
[0m[1mmodule.resource_group.ibm_resource_group.resource_group[0]: Destroying... [id=f8bb0fc2a066425b8858d9767136bfa2][0m[0m
[0m[1mmodule.resource_group.ibm_resource_group.resource_group[0]: Destruction complete after 1s[0m
[0m[1m[32m
Destroy complete! Resources: 16 destroyed.
[0m
TestRunCompleteExample 2026-06-04T21:10:54+05:30 tests.go:281: END: Destroy
--- PASS: TestRunCompleteExample (235.33s)
PASS
ok  	github.com/terraform-ibm-modules/terraform-ibm-s2s-auth	236.178s
